cost_bps,strategy,total_return,sharpe,deflated_sharpe,max_drawdown
0,llama,0.2136,1.018,0.831,-0.1682
0,qwen,0.2663,1.097,0.858,-0.1838
0,heuristic,0.2099,0.987,0.809,-0.1696
0,buy_and_hold,0.3127,1.178,0.884,-0.1876
0,random_allocation,0.2739,1.004,0.828,-0.2324
0,momentum_12_1,0.3763,1.013,0.835,-0.2683
0,markowitz_mean_variance,0.3553,1.385,0.92,-0.1657
0,random_ensemble_mean,0.3111,1.307,0.906,-0.1716
10,llama,0.2045,0.982,0.77,-0.169
10,qwen,0.255,1.059,0.801,-0.1852
10,heuristic,0.166,0.811,0.698,-0.1767
10,buy_and_hold,0.3114,1.174,0.843,-0.1876
10,random_allocation,0.1308,0.558,0.597,-0.2409
10,momentum_12_1,0.3635,0.987,0.777,-0.2687
10,markowitz_mean_variance,0.3417,1.342,0.88,-0.1664
10,random_ensemble_mean,0.1643,0.769,0.691,-0.1809
20,llama,0.1955,0.945,0.678,-0.1699
20,qwen,0.2439,1.021,0.712,-0.1866
20,heuristic,0.1237,0.634,0.538,-0.1838
20,buy_and_hold,0.3101,1.17,0.775,-0.1876
20,random_allocation,0.0036,0.109,0.301,-0.2493
20,momentum_12_1,0.3508,0.961,0.688,-0.2692
20,markowitz_mean_variance,0.3282,1.298,0.812,-0.1672
20,random_ensemble_mean,0.0337,0.229,0.352,-0.1901
