date,buy_and_hold,random_allocation,momentum_12_1,markowitz_mean_variance,random_ensemble_mean,random_ensemble_p05,random_ensemble_p50,random_ensemble_p95
2025-01-02,100000.0,100000.0,100000.0,100000.0,100000.0,100000.0,100000.0,100000.0
2025-01-03,101149.10072349233,100540.52380064492,101851.5771145364,100851.27854068392,100721.02131584888,100213.12753757655,100645.9723286955,101454.21450867393
2025-01-06,101731.77112008848,100018.59762923494,102757.98247321499,101039.40684893723,100405.43961910256,99450.61005479083,100422.47865222296,101279.87491671882
2025-01-07,100581.79055727547,100287.94971501888,101012.02623132567,100073.74173472928,100077.49178185235,98968.39088250887,100076.48499568278,101141.65501378362
2025-01-08,100728.73110369348,100661.12196953339,101367.57273808481,100674.66352107654,100171.9314336849,99011.32374103142,100136.92394814719,101360.59554560942
2025-01-10,99190.8729001228,100229.23913129432,99621.8834021568,99957.78904922881,98910.71104523008,97060.10597106088,98950.20958738594,100526.347752234
2025-01-13,99344.6661460056,101067.79465283133,99705.42700891438,99732.2951194165,99700.55605271964,97856.6205402346,99629.84965187669,101413.49655446791
2025-01-14,99481.3488590143,100683.43984306729,100076.9444878068,99829.08750126856,99875.853902013,97981.93409158326,99951.50834000377,101803.56796322184
2025-01-15,101290.91765715266,101701.38651666277,103452.02434095544,101137.13391279607,101186.66189687674,99020.16209099315,101278.85707228645,103209.47124029025
2025-01-16,101096.13550920812,102441.01656679006,103550.98795349116,101005.79183685171,101369.64991989957,99344.03177671129,101312.68299824501,103489.00013022826
2025-01-17,102111.12001414385,102720.92742770689,105675.31145374983,102065.82018802024,102375.4689286365,99667.35542120293,102316.99356616242,105053.0933423923
2025-01-21,103045.80276219363,103578.04147907498,107322.32502374107,103615.87648724871,103450.29956737766,100768.27938307318,103287.59061649072,106035.24080420977
2025-01-22,103625.07863273911,103081.09389143354,108037.34212700467,104185.46574307772,103424.17537385208,100358.51840241613,103226.95301420079,106510.49407577918
2025-01-23,104190.65971224893,104026.7583764498,109125.8418881152,105010.36095629993,104411.48556906369,101107.2455464813,104200.64140265938,107596.16788920252
2025-01-24,103886.49957021572,103798.76938035249,108457.44999992955,104666.77589863712,103993.8350253045,100768.59988556274,103903.26765059133,107261.4155997592
2025-01-27,102416.96681130849,103228.34573727101,103962.2143459862,104007.34278444962,104220.13633817821,99836.18488199249,104000.13292015065,108695.61608278423
2025-01-28,103296.9764741548,104100.92729660962,105369.03640285354,105221.14362558947,103882.25133711049,100002.16685318058,103808.92161946463,108503.08293133478
2025-01-29,102833.92068926888,103367.08011965052,105032.30903600641,104543.39209335031,103683.89201858269,99604.41937893307,103489.94746546747,108285.34292461682
2025-01-30,103385.83880142478,105183.9456705073,107141.42030411026,105989.33036195708,104372.63966245083,100382.95430027392,104535.97412724156,108769.441883307
2025-01-31,102835.6073444003,104412.00646484358,106833.17443439757,105235.87492251051,103624.6067392824,99388.92899741646,103635.99483388802,108044.49327536834
2025-02-03,102143.59077739721,102823.71003825606,105632.34869440486,105450.62574779103,102936.38659284328,98775.45462854793,102856.82423901367,107290.63576265798
2025-02-04,102828.78646861727,103816.87333750291,106587.87257165487,106008.19320940867,103405.51097129889,99443.06262154855,103182.99971847478,108120.80659574275
2025-02-05,103245.7191307898,104524.08010712056,107911.22173346521,107491.3400225137,104199.4411176105,100043.3825675352,103978.54695349114,109069.77359784281
2025-02-06,103604.56296592043,104447.9271786593,109107.57447516649,108089.86976135318,103855.20247757786,99575.20061015848,103643.61135735767,108761.0776731651
2025-02-07,102656.20664262283,103206.55008594702,107935.83881269337,107009.11264297608,102975.17614739959,98807.05792057679,102710.90553952008,108224.06403729117
2025-02-10,103353.36803817144,104151.69876643017,108376.26547627177,107822.94695786695,103667.24833362676,99315.15005267781,103428.85810796064,108633.09141346012
2025-02-11,103431.97253203207,104432.30936734258,107987.54770781197,108292.36701977235,104058.46657011313,99321.70525497236,103767.08235329235,109316.51792251227
2025-02-12,103098.76797647787,103574.20534766836,107762.07595405693,108546.13828016688,103762.66318852935,99041.1317641965,103497.80466717703,109212.31296387503
2025-02-13,104187.24397041045,104276.7415573547,108736.04854006109,109359.60213803317,104515.08001008205,99492.21458899921,104397.64864712243,110476.37282828023
2025-02-14,104182.10974975883,103893.05481292812,109217.92642671737,108660.8462541482,104177.42872327553,98808.88419164802,104033.23583006334,110264.10412112041
2025-02-18,104487.97776271129,106692.95465163702,109843.73369055847,109049.00050168984,104958.21617860693,99097.33944045713,104649.52225320204,110661.93444766512
2025-02-19,104734.03846980864,105919.32541663722,109991.40949103785,109457.46761585513,105306.44867004175,99800.20775339229,105247.26818398404,111217.53731491516
2025-02-20,104298.31922752445,105380.39261431822,107100.26820312631,106055.62814101062,104868.85391324291,99340.87681094997,104451.19256304708,110935.9972680579
2025-02-21,102514.3791010686,103940.79882863381,103826.27689127489,104117.02796903334,103462.69451550195,97988.63519625964,103128.91567474761,109591.3723723413
2025-02-24,102047.8969664503,103484.03906192622,102394.32543372849,103525.9782587823,103251.36121858303,97548.42518937567,103132.14984701926,109484.02235064986
2025-02-25,101540.3941060885,103865.00201769677,101053.7022312828,105187.89534461933,103288.36758896562,97213.65097834024,103100.75553308887,109259.43202788307
2025-02-26,101591.6514494535,103433.40999414101,102101.34831430827,104767.1908562335,102773.63736109727,96777.04552451814,102477.77323952568,109194.01206830412
2025-02-27,99970.05453137054,103182.57372443998,99460.32659792245,104755.3400933177,102202.19755511414,96132.06315178466,102191.26123760414,108788.85170882431
2025-02-28,101530.13627267916,104844.97651435452,101794.71574882853,106909.65088998234,103697.14772637008,97452.82053694432,103524.35725158938,110297.16550391575
2025-03-03,99751.34097476881,103514.78958392108,98834.06879330255,105987.07568672247,101913.04718740183,95235.41370869668,101990.22221492187,108400.44759862882
2025-03-04,98570.59751962169,100844.1888379327,95908.32635294492,103283.43627774074,100055.88727921355,93714.86616124063,100138.97059211982,106889.21631478547
2025-03-05,99630.01849213938,102372.76604325103,97438.05989567089,104138.43820518156,101071.47672783224,94720.55100380737,101196.34566336517,107679.19461000594
2025-03-06,97861.4810276384,100722.06867043603,93747.46300066377,102743.41276870882,100086.77850568068,93918.95966331413,99984.51241804406,106827.32278409906
2025-03-07,98409.97279006193,100148.59074546705,94008.10633235754,102484.08018492763,100670.28460932046,94359.24346423431,100599.3320232692,107240.4997427879
2025-03-10,95788.76220531638,97743.91963130803,89243.4763137431,100039.2396322543,98457.9727512682,92659.15641834072,98324.72436285678,104653.90351599635
2025-03-11,94992.48064908842,96789.64680920987,89536.53023304342,99295.15584220483,97527.24913243824,91530.87947808427,97755.63158993228,103738.0212774577
2025-03-12,95496.56776761173,96723.00377486838,91450.83472340269,98678.34920188764,97621.5940707034,91426.66827946201,97283.8370834205,103693.51519128824
2025-03-13,94223.55685125003,95870.30586407876,90323.36719652948,98036.29610778062,96648.99536227672,90486.72031097065,96293.07857763016,102762.18530434687
2025-03-14,96169.80836239709,97268.00012734305,92733.45924508559,99207.97600724662,98281.63304313543,91690.93704004498,97879.80964046982,104788.06184668513
2025-03-17,96911.42744131546,98190.02638105841,93355.04403863536,100590.3270346555,99113.63367299683,91949.0447246385,98671.1158225208,106006.82641790892
2025-03-18,95863.95095733854,97272.64856621952,92024.55886460071,99639.26950347038,98563.17686794065,91390.78006561838,98147.1370692882,105221.83943078834
2025-03-19,96908.00109158308,97462.93634663525,94009.46286807257,100765.07852414224,99282.30701252205,92128.46399045357,98929.39669383367,106270.57951930648
2025-03-20,96627.76175031312,97575.40933542632,93814.61843676238,100495.92531215624,99221.28212617371,92248.14168919166,99083.77416854908,105968.97178436004
2025-03-21,96659.63847150761,96899.52490806821,94177.30852000779,100113.55882452252,99057.34794590385,92815.3152882643,99189.59657430786,105947.3795127112
2025-03-24,98390.6770310427,97902.19576116808,97036.16618705736,101639.29242123214,100231.29171671534,93699.3719332022,100256.57360376864,107088.2338074392
2025-03-25,98627.19063362257,98068.20177536632,97249.01674883488,100987.21818070057,99985.69316076605,93501.14455617091,99940.27529978607,106968.69903306394
2025-03-26,97449.74623348091,96494.16723386802,94723.05075253069,100632.19000781779,99413.91851910228,92949.2847751678,99220.44740718769,106273.22547202955
2025-03-27,97190.94544579966,96058.01218819986,93355.39979067349,100588.84326484821,99155.54453525001,92739.71977870756,99031.30491792152,106127.60956190951
2025-03-28,95233.67233288188,94081.32480543554,91220.54957147442,99357.55211601392,97585.28266179253,91228.58359198183,97373.27311742748,104390.78335459142
2025-03-31,95872.9570592667,94492.75403333112,91516.47762514814,100867.11756188073,98106.8134235573,91962.16699120383,97804.40492848607,105155.51795396375
2025-04-01,96143.75537495824,94654.902776549,92269.46376807214,101275.71355142647,97926.74528307086,91277.7877179899,97570.6728720286,104823.82804068588
2025-04-02,96752.1923458577,95068.71647516037,93571.10379681631,101544.90782101663,98565.40225727395,91878.4526041991,98398.1687179118,105522.91288135607
2025-04-03,91984.1561919466,87963.12802365054,87471.49350691096,98806.54655107537,93975.00548441027,87607.65565237452,94174.8339388943,100966.23555461936
2025-04-04,86599.13840859292,83435.29551289622,80831.15085543918,92271.5725802722,88088.32115812266,82093.15167843478,87964.59992028569,94449.32275644016
2025-04-07,86444.88902327206,82546.63555068258,81171.36754610165,91886.5886604803,87546.41302047821,81323.38112513864,87366.70044044647,93240.62139628209
2025-04-08,85090.92396454903,80991.30112313361,80431.92665841451,91238.27489415898,86258.30317709994,80394.399378458,86091.65262692142,91712.40834384829
2025-04-09,94027.10926396189,88029.27577285597,90483.24346178325,98178.4663881783,93796.01094333536,86055.19924086175,94000.5894967452,100835.63645440458
2025-04-10,89906.93962260745,84941.44338773363,86988.40757647814,97084.46787531071,90387.21831268439,83471.70125599299,90345.53410966157,96974.86864834145
2025-04-11,91511.13959468076,85712.11754587438,88403.38807883074,98810.01041416834,91829.63499358729,84864.90104987261,91692.18352789897,98324.76188042568
2025-04-14,92398.93545165578,86215.00652666698,89215.61999896461,100053.96007398305,92540.41678330515,85591.88233413147,92274.22980452882,99368.49959062356
2025-04-15,92140.1240560806,85523.45158954288,89584.44965869728,99597.04548706643,92247.55270018602,85107.11807701964,92176.81861627533,99361.69156159276
2025-04-16,90092.0261555198,84394.28588672078,87256.73697371854,98018.55157913052,90740.09911024988,84073.9613157308,90494.4036546711,97740.35180570127
2025-04-17,90220.56200600689,86951.5649840052,87657.49198552017,98803.40542736175,91439.56820532282,84655.1180370631,91040.08705319514,97886.63873900507
2025-04-21,88073.07344347208,85012.0228880107,85353.82345563908,97245.11289677133,89522.20062107846,82961.85083496872,89152.23409890392,95836.07521356286
2025-04-22,90364.5323421306,87059.85556475277,87180.28934776316,97195.3244366167,91515.81350816632,85076.08508434931,91133.7972695831,98168.91044247254
2025-04-23,91764.78494592257,87909.64034443891,89484.35879705183,98746.61669750285,92540.58783007979,85514.0410787754,92084.64437191618,99767.46442230842
2025-04-24,93696.3339161127,89970.06459544193,91758.63526287538,99704.79356352499,94174.42733274745,87144.93978334237,93872.49703280132,101304.52814419879
2025-04-25,94373.32970534159,90621.32789459068,93398.453628671,100290.8744081113,94563.3066123702,87029.95437914581,94008.08524960271,102086.49248691085
2025-04-28,94409.32228937252,90873.52702115221,93368.4005406269,100391.53556526786,94621.1030646966,87081.73263390531,94100.68468291951,102654.09959049376
2025-04-29,95004.02203766067,91755.61620749626,94059.23176515955,101076.15201111321,95114.47164109879,87411.60662858965,94537.19372226518,102574.9704122834
2025-04-30,95041.72249261085,91699.52947858922,94033.68946654742,101566.88991652985,95096.40988331665,86994.48168989384,94447.51270385766,102662.75577773081
2025-05-01,95715.28132421344,91757.5727509735,94293.64918094614,101275.01713270138,94872.822931907,87226.22324472146,94443.04871266172,103343.77067133173
2025-05-02,97136.09202639975,93418.89049889147,95774.62343662686,102738.5093305834,96280.89922973432,88762.62660009248,96009.43640538515,104375.47080306846
2025-05-05,96579.08212516784,93308.7393951193,94606.81169249919,101993.3556107477,95363.58705870414,87784.8928515333,95021.6223339325,103814.36445290405
2025-05-06,95771.8426145326,92355.86191971121,93536.3525574978,101489.82890853236,94443.97492619543,87181.02221915037,94289.51450773851,102623.48780253308
2025-05-07,96174.60313044365,92642.54239116842,93712.03285219133,102129.68753845867,95045.05504389766,87686.7391256928,94719.13519186364,103798.64403769326
2025-05-08,96844.73561231386,92532.18796965646,94377.71220829838,101358.43692189756,95659.12390796433,88285.67514480624,95521.42526635279,104634.32463626874
2025-05-09,96721.3445903723,91967.14409212474,94756.55842769456,101110.72348793194,95532.00379368033,88285.69577387992,95439.05838297965,104526.55860488364
2025-05-12,99917.7257907208,94732.65650641378,97617.37466488403,101612.72720149957,98332.40221398325,90739.3251794737,98435.9361237344,106856.4109391453
2025-05-13,100577.58983128777,94643.98983315288,98319.75564720595,101178.18989825767,98186.4667528311,90137.58543193081,98046.10697378969,107062.41960433836
2025-05-14,100706.12568177485,93035.38598980231,98399.34818218322,101066.18540325263,97566.77655609944,89214.47587157723,97370.86924201492,106418.54945125125
2025-05-15,101198.0137223036,94913.53556452575,99586.19836203444,102465.66773649673,98365.23086299516,89799.46756740814,97964.97358883526,107341.56292902624
2025-05-16,101838.99571171377,95600.9964330244,100237.52459361177,103607.03053942183,99220.48654429546,90791.07030630238,98654.60421083927,108837.95343587686
2025-05-19,101950.38920564501,95434.52813789352,99867.83551875474,103754.62976608731,99128.95720685161,90478.98444949201,98641.17139285256,108282.44058174975
2025-05-20,101607.61632978551,95166.01215687855,99475.83557233712,103480.84139072977,98871.34021088801,90309.6120074939,98392.48822275313,107886.16193742244
2025-05-21,99895.43860561942,93477.83148889238,97791.9017767675,102418.35953022169,97143.60342408133,89016.19479353644,96705.79947608575,105780.56800021646
2025-05-22,99934.87875517055,93418.6344982117,97924.7803507632,101862.97702640505,97090.60577883126,89225.84011275387,96656.34542436656,105828.37171889887
2025-05-23,99252.73813739613,92565.48693796257,97495.61705169479,101980.75564142362,96488.69181209432,88700.21310789703,96036.87089069794,105412.86310768212
2025-05-27,101316.27052359354,94402.42086300974,99675.9195950057,103291.2897941115,98125.27179538447,90512.94499147314,97879.54855970609,107313.59359696248
2025-05-28,100730.11012990157,93739.79423944623,98766.76779485258,102686.55294358876,97533.13702055486,90150.93559951728,97500.72846726654,106570.71352421652
2025-05-29,101127.736425161,93803.49878051452,99016.75528560638,103081.21246126728,97958.4159357361,90120.85260681312,97777.29180101742,107118.63409976271
2025-05-30,101014.61384452268,93219.65661584324,99157.76235306064,103892.67276183248,98056.37819652038,90269.43671769142,97905.7000699871,106334.12684140055
2025-06-02,101583.6212737649,93363.25645820276,99516.3930242345,104347.23380054874,98225.88010229345,90376.78107688192,98072.54895870862,106503.43703442281
2025-06-03,102162.91836009818,94389.16519774485,100039.66480063401,104597.66614653745,98943.11755851102,90668.29461230476,98681.5974724316,107478.51071859588
2025-06-04,102135.48634645126,94691.47225056328,99521.59662420595,104296.87774612743,98742.94677732905,90521.18729312326,98437.19853505219,106791.41842599717
2025-06-05,101641.8904350033,94385.51007701024,98056.36608871797,103221.83972554278,98179.3772548517,89611.22637387326,97821.55329126988,106582.91230721633
2025-06-06,102685.65415611232,95227.64047510625,98512.2873627957,102924.23183707407,99173.45811791813,91000.5774768018,98918.8462219373,107780.19750012504
2025-06-09,102778.18681467457,95593.21146744626,98592.51520754788,103078.19695378066,99373.76626345048,91228.08989098071,99129.4454050404,108288.9152574032
2025-06-10,103360.93146652805,96753.28175800953,98901.34615021356,103190.47758988707,100227.62544500074,92153.67417429133,100109.00930193864,108487.14507433971
2025-06-11,103066.12748692198,96474.77102687501,99238.83643729046,103500.39154147099,100017.40884005938,91464.79868497976,99922.35951520473,108516.02266727001
2025-06-12,103475.7513101917,97016.83041802973,99297.07284970926,103555.61407492848,100548.87978672383,91684.03899314364,100339.59744058484,109947.45401071061
2025-06-13,102318.87561633828,95285.16746434305,98098.26648673549,103101.82003467383,99851.5472047431,91030.98779965148,100145.22329865753,110584.96224209479
2025-06-16,103292.37264819861,95626.693223117,98793.5037955809,102801.3983343337,100142.78954973171,91388.07008253847,100440.54957895845,110354.3092285651
2025-06-17,102409.72161976912,94642.17427021125,97723.990745967,101887.25716562154,99246.39542778974,90880.28913022857,99729.98998116904,109278.46617227893
2025-06-18,102394.28713413252,95133.6724436759,97807.50888141674,101953.92748934936,99239.00677827418,90709.95705505661,99690.02285723845,109145.22728138579
2025-06-20,102153.81678712486,94830.66735658064,97836.4547853647,102140.63051620309,99254.45251281293,90662.03133376263,99896.10151750635,108518.40360372108
2025-06-23,103162.82904779022,95284.1193177325,99142.57503099274,103368.42974042527,99675.17782048594,91356.85167207652,100233.3128472256,108995.08932044324
2025-06-24,104302.49873772432,96534.04862520302,100253.3552327013,104492.27681102586,100565.9092187896,92409.45693359911,100976.00353209043,109966.71810589731
2025-06-25,104360.94823315917,95838.46914013567,99378.84774520881,103581.10352082356,100308.78895391079,91797.97134930424,100734.61420124563,109536.30584484313
2025-06-26,105177.44843517638,96362.73732374395,99542.80569737153,102870.05105260226,100969.18069131076,92417.4731657401,101214.5937664948,110334.86340267172
2025-06-27,105700.00389699405,96904.9852687253,99633.94063275265,103773.13577912284,101656.60975802218,92555.326507525,101879.51118651059,110545.57357319053
2025-06-30,106205.37457068027,96692.16250907393,100350.74614486996,104521.13211647328,101817.7650946784,92911.2241113697,101930.94814524612,110644.68749536613
2025-07-01,106171.00499441732,97513.60144278903,99171.91847893725,104052.37399097526,102732.52095729776,93708.26466125275,103281.76533674046,111516.53077479608
2025-07-02,106652.31696471946,99063.96374806033,100115.27406461368,103610.08844377524,103213.86364237897,93995.9830228017,103434.45008033956,112088.85657669137
2025-07-03,107492.87587012073,99299.62007099054,101167.23804762207,104643.34667343179,103760.65290418452,94815.74056618397,104080.63216782236,112610.04551126681
2025-07-07,106691.84197742186,98853.56922717599,99988.00818055616,104406.05947078226,102623.19047048729,93329.49156640512,103251.68857405012,111640.95202014195
2025-07-08,106633.40308988093,98407.61550159084,98899.9496113945,103363.59134943192,102979.81786963315,93820.25725703516,103274.73426844607,111569.76205926707
2025-07-09,107272.84693467438,98638.20371882978,99365.81568640798,103770.67984352382,103188.91698866356,93973.32265553677,103565.91671037531,112349.20156071844
2025-07-10,107575.39467683353,99178.39411332298,100190.59853517404,103611.93545706019,103705.53866465882,94712.47552867627,103948.24021331815,112569.28047054187
2025-07-11,107197.21265110806,98399.85663886959,99993.57133601549,103100.10306893075,103242.03142122165,94001.88805267037,103684.04324121788,112582.30792982767
2025-07-14,107401.76466934218,98388.76475994066,100927.53399220922,103745.76420614589,103054.16271269253,94157.31027122175,103297.84591336426,112261.11234622441
2025-07-15,106942.81413939878,98147.362695849,99897.79754245529,103577.07971822804,101915.24007743679,92791.83837483232,102323.34401220377,110944.1788610839
2025-07-16,107300.35320357865,98657.52403653217,100492.77907042173,103856.05850469027,102447.6282046935,93233.88939520279,102605.62735988061,111077.4890369583
2025-07-17,107956.99244439749,98348.0257245141,100591.13360892712,102759.2318422463,102797.29027583676,93654.68511564325,103076.88772115039,111755.56868127621
2025-07-18,107877.92120320488,98685.48729658469,101039.26810171979,103077.70801408406,102408.43008840237,92840.82812868264,102786.69967975562,110899.69893458567
2025-07-21,108082.473221439,98577.36044728816,101085.33357693742,103468.5778718263,102227.41059566318,92718.0852715797,102376.18941687171,110709.74350743619
2025-07-22,108097.95013865121,99371.2582102484,100901.04095244083,103054.00123867922,102740.4674279184,93293.48699424669,103011.9779998073,111154.53653549237
2025-07-23,109017.5802852451,100679.63978100657,102581.86890932833,104357.14052641521,104201.31645139502,94329.8775286702,104388.36469877724,112861.80866919787
2025-07-24,109053.6789482151,99792.20054497621,102143.5706012462,104393.27624861697,103900.03766072387,93963.30705506373,104189.84833436781,111835.63243816882
2025-07-25,109514.35856486557,99542.48642603359,103189.96907236958,105208.05852173509,104173.3967814584,93648.02596537203,104571.92220485925,112458.77608806113
2025-07-28,109486.8629038552,99556.51227065678,103052.48554628348,104898.25472609555,104157.3298465462,93354.65511116254,104361.15198807184,113353.36104230667
2025-07-29,109198.07360009514,98452.30406238469,103276.97469268873,105656.4644912181,103579.01252855372,93007.97901853736,103819.44730404987,112932.02871537158
2025-07-30,109060.5528634677,97486.6673506282,103528.35012145058,106046.11247129417,102966.3177309115,92247.09550340819,103256.1415253738,112478.70090001686
2025-07-31,108651.43821910556,96917.71598957374,102664.131522728,105153.16838973394,101768.35335877772,90771.47342135262,101812.69395067096,111145.4335886567
2025-08-01,106870.59559767094,94710.29376706397,100629.07505851836,104260.19594966335,100521.79152194771,89851.67968659839,100920.06595495352,109707.9570122562
2025-08-04,108495.0142155335,95316.78751310313,102641.65801999727,106003.02912027408,101244.54811771102,90711.48312374824,101477.60810589966,110760.35896632704
2025-08-05,107944.95248481155,96019.04112269985,101913.30093833496,105501.49767675292,101377.92254059965,90705.7218165122,101603.71288537415,110748.9350190361
2025-08-06,108771.78477549544,96758.31105996546,103027.90094684076,106999.53236147025,101614.46174904998,91276.70708264157,101539.71677426196,111018.29125355263
2025-08-07,108680.6735747169,96612.23743857599,102469.51713349219,106771.72254292534,101105.60797716692,90928.96040308155,101047.841393407,110803.3869508525
2025-08-08,109528.10639537075,97528.63284332186,103550.43403747784,107306.69972928624,101891.4689007496,91701.20913632131,101915.65948047812,112321.83046170336
2025-08-11,109311.5144175507,97619.82747555985,103442.5197715546,106988.32019209451,101571.37473597025,91481.3076340841,101371.79405262321,112064.68470596784
2025-08-12,110475.2428108689,99543.55651350523,104944.07653328567,107258.71289209151,102862.26608036956,93044.18747787224,102627.93513471672,113049.73891072905
2025-08-13,110853.42483659438,100382.13869221801,103578.63304383309,106111.82814911538,103523.82055638266,93901.03683478203,103114.99159254701,113985.84390430669
2025-08-14,110863.73570947326,100563.88783308971,104014.84565850574,105683.23744390161,103630.98424256746,93896.91182518506,103057.7703878918,114544.96249661881
2025-08-15,110604.18176132451,101578.57699283434,102473.69645114266,105708.39493897818,103811.49374358603,94164.97927140964,103289.46791123446,114650.21729248288
2025-08-18,110580.11245004652,101570.47004266248,102794.764012643,105955.49285789453,103672.77694991311,93718.59941891175,103088.99469263962,114707.49279082837
2025-08-19,109980.19361795548,101236.95808428562,101333.77963805644,105044.1485404245,103683.65854217764,93940.64998663763,103109.30676979503,114201.3626557152
2025-08-20,109687.97796446302,101182.8481775058,101563.57022220918,105841.90467433716,103599.85203851272,93628.14528967309,102891.40584416347,113801.27088688366
2025-08-21,109247.92009357033,101228.86547231875,100912.36464209974,104721.1776785875,103290.77516960636,93452.76063906628,102853.297307559,113555.3989017606
2025-08-22,110925.61155464048,103374.87566260163,102250.94343698348,105070.64020468338,105002.72925766013,95003.63161142662,104529.91463352916,115765.61529727365
2025-08-25,110437.43627697964,102202.64830194619,102211.43355963804,104610.88608534259,104267.25977111832,94715.41965657016,104093.66355467975,114547.6017806172
2025-08-26,110899.82376454936,102873.11590080152,103362.14530020686,105168.75452005344,104660.28275272595,95353.26666135385,104308.6673870913,115086.78949276204
2025-08-27,111152.52501323332,103279.84121702326,103623.83542065477,105358.34378941277,105051.1830336715,95492.5790141688,104688.93520264738,115678.78393446178
2025-08-28,111546.16274038321,103331.85200845852,104266.0523850796,105981.78882333529,105243.7331682856,95760.78269777173,104779.36055658513,116093.02074140083
2025-08-29,110880.92049760472,103341.8978852869,103161.96826509852,104950.15735302564,105015.42757265069,95099.88670985182,104680.87938831298,115893.49834843892
2025-09-02,110059.26485914808,103174.24023878433,102217.78035315321,104765.52705895177,104342.65486199666,94373.63035538238,104054.84418999925,115188.44763801646
2025-09-03,110655.73612571893,102920.02240364665,102080.30053459134,104838.56106278922,104004.90311503397,94105.70543956089,103716.7108565596,114582.7479705415
2025-09-04,111580.54292454007,103199.93481428237,103363.9371657163,105766.46919017858,104636.21294453915,94849.31579733992,104557.56165716283,115770.29908535673
2025-09-05,111257.36282872924,104249.30727158862,103582.63494435912,106151.33173191016,104407.23700081631,94604.52076131882,104221.9728690648,114478.85869704557
2025-09-08,111530.69643106488,104330.61008978423,104216.81358498958,106372.98663217736,104256.75109560903,94225.85308229728,103986.27847393295,114735.84524541392
2025-09-09,111788.5425082944,104912.25509706613,104990.10812567294,106104.35756196942,104676.31661951872,95075.63444915965,104362.23825888339,115114.76276608754
2025-09-10,112111.6907804235,108409.71597121304,110492.12939775092,109972.61717133626,105519.580441568,95073.51051428662,105213.04607764346,117407.17634597515
2025-09-11,113043.36088660332,107967.20635601536,110491.76907786196,109952.5220802215,106430.5610900331,95857.00618615205,106156.2096599245,118826.04630332382
2025-09-12,113005.55435271407,106059.24783297075,110378.14039863189,109220.36014014836,105797.96889057543,95640.35674251308,105327.6185884102,117761.95483877567
2025-09-15,113607.17044783046,106007.09493810771,111684.72531565186,109862.48228942724,105775.38559768995,95618.66364065868,105124.63261929608,118173.14665694584
2025-09-16,113450.7464442584,105894.49503867526,112043.62259217347,110152.4627309568,106168.24981387431,96024.38686200266,105718.75237841124,118632.33574994319
2025-09-17,113309.79935789855,106396.95417250138,111672.58709079873,109887.05320471819,106431.73549132762,96164.61178667315,105834.9788648001,118891.13567077537
2025-09-18,113839.23934286273,105643.52418977018,112444.66549884812,109908.12559655216,106829.96402544709,96242.57261981773,106180.93274554037,119219.16691165959
2025-09-19,114403.07011987771,106323.76739043201,113388.66644439516,110768.3135847766,106967.46896860002,96442.12812482785,106326.38356530812,118945.20953476743
2025-09-22,114944.31669076184,106940.81299841397,114588.37143262012,111195.4629119508,107011.41222952504,96399.73492090605,106264.93474406053,119202.14972506561
2025-09-23,114318.61006857967,105665.80668350955,113598.0278759977,111081.56489555302,106828.11658891516,96259.35463083275,105995.89849220659,118805.76864984956
2025-09-24,113954.89721014514,106026.88344001166,113156.61354433873,110584.51301737252,106771.83312515244,96540.30817013796,106081.10768274244,118306.20801588934
2025-09-25,113429.16998804886,105249.57841886775,111881.72557758023,109865.88283164529,106108.6290544128,95433.82245600426,105258.69091781412,118017.48063253162
2025-09-26,114078.99896097856,106362.04967578503,112126.55930978409,109974.75776306078,106800.30047220601,96296.16308929869,106156.63106343859,118728.19205735369
2025-09-29,114399.6225543575,106185.40700873201,112260.62900486401,109853.80717138929,106589.90610485597,96127.99614226168,105868.6088606081,118287.00614975482
2025-09-30,114830.5364207012,106864.9107840871,112430.80185823201,110894.1211679524,107136.06369320025,96643.30481716635,106664.62822657921,119277.70343519558
2025-10-01,115221.82980329737,107099.98161459294,112039.66650411357,110978.28375335009,108200.04899534649,97038.89969155077,107781.30480806809,120749.11914766904
2025-10-02,115354.54516398435,107011.64823533673,111898.19678965912,110578.54110610421,108072.28916528262,97424.2620298531,107671.37884343807,120577.12088154463
2025-10-03,115352.84790095902,107650.77770412201,111986.10941034507,110965.49918782874,108406.76971562671,97569.59878960943,107764.47246663383,121376.5892985793
2025-10-06,115766.52393970171,108006.5771892145,112612.05452868607,111139.12071090455,108285.44992336917,97537.41265252564,107885.04281777042,120598.08306226534
2025-10-07,115337.32855217115,108275.43598855894,112383.97871918365,111313.30796443214,108069.89027616646,97466.88792761779,107660.2799821825,120934.37135115896
2025-10-08,116025.08074582307,108492.65423653649,112919.78381539944,111539.16407359083,108140.26285763411,97141.76933246091,107572.07325673984,120844.91436402059
2025-10-09,115688.9590194441,107330.31657896859,112572.19962402072,111082.90986183715,107915.36963252941,96971.22772398853,107511.62920664632,121380.56472192296
2025-10-10,112562.13377945243,104211.31068435707,109275.21667729189,109108.4466475355,105545.58444461109,94914.88798414973,104753.20891489543,118787.24170773962
2025-10-13,114289.30045771097,104740.740369454,112417.18802852306,111163.88019725068,106781.92776210036,96319.78031258717,106225.6197225445,119961.56431935827
2025-10-14,114149.67935808968,104691.32949433179,111790.62409862259,111517.89653058872,107127.44771373305,96693.00603423236,106440.59316251246,120754.49726704854
2025-10-15,114656.4502737718,104383.98033763276,112923.19090298857,111929.40917585223,107565.91880816402,96921.19037274313,106880.02737747469,120860.33286702576
2025-10-16,113875.61381107436,103694.64552344086,112461.51503056915,111468.7295539695,107070.88289649597,96449.86926297644,106510.9145157061,120455.93815680673
2025-10-17,114522.00582637778,104001.37084228694,111570.88663288645,111354.79752129367,107373.58208574067,96526.34430324422,106687.33440951852,121171.66125843425
2025-10-20,115713.0919780855,105232.75209594288,112402.02466092903,112042.20618140043,108307.32288028784,97017.5225021959,107602.02524079604,122550.46714160463
2025-10-21,115711.36289137846,105703.76864199244,112404.78337596144,112210.5290967431,108431.03622191763,97216.04364886066,107563.24441272486,122547.86186638997
2025-10-22,115109.77861994378,104920.58312694347,111696.87070751408,112160.22732123786,108125.37613536618,97350.70778122543,107414.89710207426,121804.71403560191
2025-10-23,115792.38598505019,106257.24053316045,112808.59939235964,112771.23178992764,108837.85361673389,97533.37058051859,108028.46046726266,122922.83469735288
2025-10-24,116738.70559271741,106357.47027173238,114693.0017272953,113015.71095867363,109114.73092518607,98137.88980275854,108092.34491567532,123522.82669968922
2025-10-27,118115.94967462224,106286.48306960623,116098.4763148052,113757.29229467745,109955.42421260159,98381.17450339567,109001.3563615313,124206.72329632254
2025-10-28,118429.66752906686,105921.4997011263,117001.16736070221,113403.61979332229,109936.39342650148,98131.199540638,109374.77019640428,123641.0276329708
2025-10-29,118486.54705620324,105494.79864381737,116591.53351750234,113326.36691003432,109361.34980535181,97646.9111511622,108861.37689500875,123371.15053442205
2025-10-30,117183.43093692976,105290.83147812841,115239.79977572258,113133.1061699241,108842.14812081079,96909.09673631749,108179.48185522115,123762.02046604439
2025-10-31,117567.81858059159,104893.5286381992,115440.76458225257,112801.32642298589,109215.59946179805,97025.10090704815,108987.85856785493,123077.01091679186
2025-11-03,117788.45216599072,104477.56642991268,115326.61964199376,111612.2833486998,108635.07101716248,95968.25259126944,108248.71630793496,122762.87960958268
2025-11-04,116392.2305618839,104547.39800365239,112529.51246400442,110333.99721338374,107851.99600578558,96118.92106911317,107526.58885049552,121716.86207136787
2025-11-05,116795.5851198538,104713.78063325226,113498.51183340176,110717.21339256605,108283.84560302184,96625.73668997234,107645.78344129269,122002.2589336761
2025-11-06,115542.4533966763,104071.75512871149,111987.0104010459,110790.84825514542,107486.92908524291,95671.79350994667,106928.05514906067,121261.93270682468
2025-11-07,115656.2018430552,104366.4227331759,111512.86332215788,111063.11243297835,107618.32437168196,95856.2598522206,107225.66748003315,120855.53558619578
2025-11-10,117460.93344157137,105291.16700441416,113536.30207490221,112422.9340617598,108208.29135734233,95991.31838572386,107621.64969781326,121241.88369432263
2025-11-11,117729.84355214724,105868.0557496583,112798.06637403775,113120.74884200736,109376.54475412896,96912.07846916556,108924.08759074318,122530.91406157616
2025-11-12,117795.3366891372,105896.58397308504,112981.84439474877,113097.80043462613,109676.73664807674,96932.46119186952,109428.8912855845,122821.46174807132
2025-11-13,115840.65190233303,104019.9046790491,109115.80074173996,111366.66519360257,108616.0031876417,96196.99865052907,108360.34859800467,120979.79810594738
2025-11-14,115821.67438013105,103690.87662560951,109130.2967282005,111749.04091786595,108559.65952202772,96279.85592391566,108016.25049721326,121113.90668876165
2025-11-17,114742.63941177688,102632.21461109523,107831.35278103077,111895.02905509995,107244.80095947295,95215.54527722755,106453.00039440871,119181.3044021118
2025-11-18,113779.08197650868,100930.24802894733,106942.75357082461,111338.59712257357,106671.54855135079,94915.84097051251,105867.27019540989,118555.93162861883
2025-11-19,114218.63066849376,100744.17795369565,108392.71362611173,112725.2171682828,106565.34739186229,94813.52841305801,105987.87293318965,118954.41696500524
2025-11-20,112477.6843360483,98990.4322336583,105392.3440529612,111652.451325868,105219.90406547152,93440.9406936495,104574.34163225957,116553.7887214513
2025-11-21,113598.09009064492,100165.55874019666,104499.67634443707,111305.36120002846,106329.92750876116,94560.5856896636,105810.89811829876,118168.11922814883
2025-11-24,115270.09572058023,100329.58347923934,107695.34933502838,114158.84899674448,106721.93558668304,94577.70630923979,106292.74021778085,118482.60858868183
2025-11-25,116354.31794905556,101255.77770001399,108148.03893413207,114830.47822813186,107789.48119199494,95804.04881884201,107454.46804522275,119662.48243571924
2025-11-26,117157.56889158126,101755.93666658127,110271.22950037994,116146.44335695558,108417.41337338061,95636.07969973558,108004.44410453635,120876.39057122654
2025-11-28,117797.06577584427,102545.80130629888,111900.17780208007,117184.31437120581,109290.66940478157,96979.77029953287,108745.55968327927,121899.40608700603
2025-12-01,117259.26677048033,101620.31944515728,110087.9203310272,114764.40930940595,108419.47278931005,96329.97531472637,107495.2268406272,121141.53668683107
2025-12-02,117476.45279035924,101361.70061803152,112334.42846056308,114595.01838707105,108800.50038210298,96523.79561977266,108094.25108339578,120885.35221895369
2025-12-03,117883.25491384935,103075.06457335272,113507.22242626715,114618.53610001103,110133.94948652996,97835.33760433593,109446.91106399387,123420.44034847013
2025-12-04,117969.44405185444,103111.00233322513,113762.89666034006,114067.28654973565,109972.07142558155,98131.69223673885,109483.51102862286,123581.51993259769
2025-12-05,118193.51459487986,103486.6672043795,114222.00206304382,113951.09652855026,110241.29138735117,98308.82645320671,109724.46145226338,124424.85400588761
2025-12-08,117838.4365620867,103752.49096347045,114453.57651685685,114406.9050460005,109535.91677929887,96806.5417475756,108625.06906430903,124027.41090396846
2025-12-09,117736.73868318766,102608.69503888668,114504.44924218227,114222.94244547964,109291.76049796543,96328.05064676088,108302.9800998025,123367.82226151145
2025-12-10,118517.5751458851,103389.59104711158,115538.08388816945,116136.6775723788,110563.5768318926,97377.49674239174,109747.38515225473,125067.31820333056
2025-12-11,118793.36977960746,105351.5451813127,114390.56760835664,116764.5712208531,111163.63075585045,98098.56265805621,110142.76445336167,126272.74622772494
2025-12-12,117516.10509778853,105405.39228006038,112144.33627459541,115783.237478564,110798.61799345633,97728.42952018442,110072.32628449933,125036.25839994666
2025-12-15,117338.560777445,105020.59893252989,112128.28433385455,116004.96302160936,110765.55384977168,97782.3723068543,109869.56397527832,125352.34912054028
2025-12-16,117017.94779195997,104336.55254015567,112279.20661422086,114522.51478144647,109856.50085806841,96663.12159920645,109143.9686949456,124727.53591505783
2025-12-17,115730.32980568653,103830.64453665691,109204.81118329878,113473.52498642768,109332.21777108347,96946.97088157348,108581.51248491611,123545.23415201917
2025-12-18,116604.23992953556,104308.69745700853,110547.48592832142,113679.79998083305,109442.77839676797,96630.0910271322,108761.61545175797,124091.4163260014
2025-12-19,117661.08318383351,105400.31438849699,113182.32409658738,114394.48423237001,109954.82192108493,97270.0554995629,109001.66673228811,124560.68596298735
2025-12-22,118394.08865289835,106028.84182412692,114613.70346246623,115289.71902501294,110432.47018497007,97855.08277195592,109493.52716517245,125448.20203924316
2025-12-23,118935.2079290556,106186.27359436452,115002.23946263462,115258.002332213,110406.98573621344,97792.13431316665,109272.26660496544,125464.37277574067
2025-12-24,119353.58326479967,106503.57568836375,115380.44534567928,115910.47867143978,110926.57815346461,98583.24109237238,109797.90053172484,126162.3348378628
2025-12-26,119341.47965785029,106585.12730238657,115059.49604824383,115758.44930601526,110856.50846807548,98251.75845256493,109965.73373870531,125952.83480087403
2025-12-29,118916.18797527798,106187.166446281,114146.72847070197,115549.44851536363,110410.22751607519,98101.42301691546,109487.64479509526,125461.73972083723
2025-12-30,118770.9659076731,106089.72725990281,114127.62423780955,115399.7757236574,110470.1668539035,98348.15653641116,109554.01508287987,125837.44422020474
2025-12-31,117891.00928429633,105530.39971532051,113204.98648295192,114915.20101028398,109837.47128009208,97667.42902556929,109148.21141638768,125202.727856631
2026-01-02,118107.1026911027,105809.85236793957,115833.16310987932,117268.94869485137,110850.97300294202,98744.88227429909,110073.1903212668,125745.80111022032
2026-01-05,118893.72045598018,106772.03050525635,116086.18038824091,117253.59776222825,111649.15124456644,99125.19029385062,110827.89911983712,126825.54390689658
2026-01-06,119600.80023233306,107483.7616849081,117276.4075748865,118117.11021125104,112481.7936392258,99662.26710763843,111592.32662136684,128271.55774402586
2026-01-07,119215.27754402302,105581.41078563796,117799.80874012022,117787.35732313592,111609.03762012233,98749.77724395251,110819.55150369306,127869.65570866778
2026-01-08,119203.17393707363,106767.26879094262,116059.7564802263,116817.69130098197,112417.35925350073,99446.90564524257,111533.47557295884,128207.94726194497
2026-01-09,119991.51018076423,108119.99359534659,117884.92428413613,118223.16733598114,113348.19564406319,100128.82784970765,112308.07321658719,130036.1553256985
2026-01-12,120179.94880815162,108106.90810702324,118845.69640783279,120299.54608464484,113225.28425821649,100463.69260344871,111978.86759456006,129407.88785770896
2026-01-13,119939.64818744648,108305.26009344675,119867.32142979634,122189.2753373996,112892.10667996675,99504.70214035563,112111.6334533559,129918.27102953945
2026-01-14,119350.11448349168,107923.97673316298,119883.32902754906,123384.22493018725,112950.9179166348,99723.89628032754,112184.46645621046,131160.14294008393
2026-01-15,119675.14035284254,108224.2264098364,121131.4300038318,123881.75952115058,113099.56695733308,99534.59747688883,112064.27180871423,131291.55675223083
2026-01-16,119574.86393172722,108043.4413590788,120982.89521015342,124120.90149354785,112761.92108004456,99006.5247485416,112154.17226327205,129975.8758775426
2026-01-20,117140.70234026705,106716.96252117415,118778.91864408826,122300.42465501928,110993.41006029073,97956.85364755409,110089.18762749998,127211.78365021372
2026-01-21,118492.63598730662,108576.9046102576,122031.09727849146,124113.18411105336,112427.82509729295,98900.98832150015,111404.16847505716,129136.19425351803
2026-01-22,119111.5535573875,108743.0760264101,121462.20849608605,122226.76067531825,112538.19189476456,99532.83656944422,111786.97864463064,129686.83473383488
2026-01-23,119154.75950927607,106773.44743062451,117561.12210921723,120584.3751144736,111856.19672749203,98995.31268092207,111096.99201374312,128679.47962699848
2026-01-26,119759.85499359437,107303.58702683233,117550.93336474302,120567.78168059193,111905.64417933181,99242.83050797775,111326.99343445484,129024.62343143564
2026-01-27,120236.99806159055,108164.03240800311,118831.90827933529,122555.49261948447,111705.81595734904,98035.6811248685,111463.92790906825,128292.22192156782
2026-01-28,120224.89445464117,107962.11427024016,119963.4600577004,123549.96401738591,111483.66698675053,97574.42324360412,111115.81064623868,128112.04632050869
2026-01-29,119986.32292064308,108755.63193653822,120588.39138972535,124435.9397585188,111841.70906295806,97596.65922261699,111203.23227825915,127697.23709237663
2026-01-30,119628.46561964594,110248.1195700409,120216.39339469041,124758.94223568845,112070.58789975001,97859.3906550793,111315.52516979718,128001.3590850315
2026-02-02,120223.1653679341,110393.25388977591,121686.42031727468,126404.77219530183,112759.47180954173,98271.9286337506,112226.4393055083,129366.32985267964
2026-02-03,119206.63211048774,110513.56958853613,120975.59307406952,127474.25287339048,112617.90842756022,98467.0173140938,112268.92269700236,129471.43770493391
2026-02-04,118629.21262137624,109674.5821172633,119727.76471885898,126282.7530028964,113267.85957625468,98473.14122143095,113184.20143791052,131446.97035642015
2026-02-05,117147.61868709527,108053.64253934991,118079.07577023812,126817.15546169541,111766.24797562778,97394.0266976637,111926.84121823576,130389.74871261997
2026-02-06,119395.07073787512,111497.70299991663,123016.75255844409,129969.09478307437,114211.29130216537,100027.4084411168,114328.97198393429,132560.67402995008
2026-02-09,119970.76114027957,111563.70025560453,123642.13190668098,130084.75599118408,114408.72837633106,99737.64830044731,114007.08093494864,133206.04985947665
2026-02-10,119654.39131235787,111141.56806750919,122179.7081892243,128987.62200485052,114017.27403853787,99759.67429724893,114264.65827622788,131394.15880049803
2026-02-11,119626.7365329389,112735.85956894734,122954.70512548233,130924.00827527497,114254.40013947939,99957.763695589,114582.13281167777,129904.7225238846
2026-02-12,117778.63986412552,111405.14547501257,121674.50354858061,131335.3252827917,113028.08017192646,98876.02929997019,113096.15327381993,129312.84561772835
2026-02-13,117861.61481027638,112225.84044036487,121980.06393046856,131454.69336167086,113650.88049269814,98749.53402061544,114046.29425477397,130792.53530978771
2026-02-17,118051.7825243708,111808.42886520109,122818.76499895506,131699.04788210854,113149.41085207852,98231.34953272574,113141.70311609743,130184.12475070219
2026-02-18,118646.49288055289,112248.34565602738,123023.2144657403,131991.97419033264,113796.1728727028,98669.48141168249,113966.49868304934,131156.95817051313
2026-02-19,118333.5812260453,111450.81341332578,122769.72726948843,132741.07409811072,113616.89002023864,98549.74599580045,113667.68757567939,130397.69288689514
2026-02-20,119189.35185131109,111571.01563033529,122807.54132808845,131775.83003572057,113593.78250412927,98235.31641769607,113826.30029891091,130250.39805645497
2026-02-23,117972.26575163406,109763.46913533991,122391.84883935812,132320.52513545373,112481.49469825964,96535.8276363625,112956.9111706879,128567.01133971251
2026-02-24,118829.7442478191,110804.23841103062,123230.46656358398,133128.32317094633,113238.27507013513,97161.37799603773,113304.52902414562,128792.71837501734
2026-02-25,119832.46602739682,111624.55791061162,123778.63260858598,132509.5687201472,113592.3476400731,97309.7396150627,113450.66996015451,129265.4581167383
2026-02-26,119166.86311622546,112041.95811617014,122324.97441778869,131302.5948569283,113394.23175362857,97214.69309152235,113455.35115453391,128878.16501273219
2026-02-27,118594.63088723511,111156.48928499175,121454.89713072852,133006.15845177596,113493.03901779438,97866.33139143717,113504.63212922885,129834.39610291812
2026-03-02,118662.05466091639,110464.15889512641,122706.84989355631,134433.51048158514,113293.74266913786,97827.66099385433,113166.51221795077,129393.974136959
2026-03-03,117616.13753734398,109608.1085535925,119963.81945144627,131693.21449212727,112198.59278195296,96971.41614489998,111723.07954397175,127755.47815445691
2026-03-04,118445.96125411002,109737.14463472071,121960.25393690164,131924.34838962086,112624.84843491662,97535.96250768761,112061.85898755403,129515.2052859501
2026-03-05,117785.54560305983,108486.38750166535,120265.63218967205,128923.49100444198,111513.78796212575,96403.04392358699,111122.87620240581,128013.19777690312
2026-03-06,116241.71515521876,107811.6203909858,118951.66082879728,128593.43039219547,110584.85253739596,95305.77687485667,110527.61354680161,125263.74003566056
2026-03-09,117259.9881072661,107106.62477048923,120554.9688874709,129836.76857294228,110718.52140399374,95294.41011330116,110874.82428546781,126306.66433515036
2026-03-10,117071.54947987871,106870.42576237043,120882.12838422187,130232.93200178043,110238.17815916048,94557.54128554987,110268.33619198743,126248.1913884104
2026-03-11,116924.60893346068,106259.33624715872,120956.8949106784,129906.09807042379,110334.36014179193,94811.84287016261,110279.19385519112,126457.8240721621
2026-03-12,115149.11269055585,104575.95942408968,117248.25154837953,128708.41108771595,108566.3034352416,93302.41745652068,108625.19478352496,123591.92931332074
2026-03-13,114497.35308093483,104691.10493457792,116557.65687123155,128301.74889765185,107979.07878217482,92955.77128515535,108034.54900943206,123102.9450802577
2026-03-16,115662.5771872941,105385.50195600218,117729.17719398667,129142.52473979437,108613.83834233154,93791.19644940883,108657.58908348973,123875.70686091261
2026-03-17,115966.83280037249,104644.37941804588,116982.43498839004,127789.20262569757,108569.47570845045,93618.52075950174,108758.42477282704,123995.46133069565
2026-03-18,114348.67283991583,102918.8374632425,116445.69547922631,127282.23787253386,107163.2556669566,91765.89266490072,107172.15864314784,122783.27125485438
2026-03-19,114066.87413824134,102415.87786246603,115625.4029955887,126607.8154822926,107065.53306318959,92103.9172726823,107270.92810268098,121931.66847378659
2026-03-20,112431.6460764862,100934.86244036439,113482.27203625588,125193.72943097593,106039.68827807483,90989.52461200018,106391.20486296178,120881.88059685618
2026-03-23,113612.17737375517,102515.30622649929,115351.03051510644,125811.18883013855,106868.28184617689,92200.03023377173,106874.08796924737,121855.73248869582
2026-03-24,113230.8023719633,102922.48511083693,115454.19204720364,126318.38342990914,106935.96412754631,92813.36129603299,106811.373871438,122598.57317334716
2026-03-25,113861.80233320573,103973.37769281837,117231.94443149983,128000.13213338326,107830.7803720774,93693.24347032393,107585.53308628054,123219.32487223527
2026-03-26,111828.37514992012,102246.24310554953,113907.03455912853,126731.13574784991,106997.97779686403,93159.57647970633,106952.10275218918,122443.79377728316
2026-03-27,109921.48953306685,100376.3630278853,111782.7428247407,126490.50200131118,105459.84617178453,91378.32872476421,105406.6451566857,121097.0537868774
2026-03-30,109553.97904861314,100632.93707909339,109958.52344076136,124959.31688429676,105138.13249196489,91358.31983524031,105310.90665168261,121081.96283626907
2026-03-31,112738.47940778433,102799.69201947469,114985.66856156358,127746.96077542014,107335.00708829678,92043.08052298817,107653.05723472474,123934.74232001642
2026-04-01,113587.90651249295,103834.04512034504,117525.56248606012,128048.5978884156,107347.3487635109,91520.58814815682,107029.77413463683,122656.4037940527
2026-04-02,113690.18782555696,103912.30903772295,117264.45948639786,127833.10039454856,107392.95696269328,91585.9807254352,107142.81366617812,121887.2115565681
2026-04-06,114227.58373095238,103992.29463050916,117901.44085066684,128342.98969010508,107541.01808214054,92510.31800822458,107503.87738495454,122723.08152665554
2026-04-07,114277.84393229001,104265.38127468251,118266.15688924077,127888.54213943963,107281.74576851759,92918.22081023913,107265.14568171144,122719.02355233539
2026-04-08,117188.45907864229,105639.67002604662,123166.91728617638,130635.53443717805,109493.00347894215,94496.77690229997,108619.39080039201,125267.51721856842
2026-04-09,117864.52137320727,105657.22601243503,124591.48257567069,131392.45244127832,109975.77667759031,94974.960921794,108887.67515539001,127051.33183101889
2026-04-10,117786.5215292994,104730.24400748235,125033.28038050738,130642.58463449607,109196.3322038137,94375.44347566414,107920.81073984454,126428.19848402232
2026-04-13,118937.58409729105,105876.36176676405,125936.52631843371,130737.94570677559,110183.30449810525,95059.88688756415,109265.08547692414,126490.71740129103
2026-04-14,120386.82395515166,107219.39465963616,126971.35900183985,130784.78250000495,110348.43573217005,95033.71601697734,109548.23094522479,126223.87348247392
2026-04-15,121336.79267832333,108245.12650159224,127734.94973081557,129927.68650743645,110915.14614418746,96512.55121815656,109732.10336621382,126315.33950706851
2026-04-16,121634.95936029834,108065.14747989894,127615.70331642652,129608.27242736325,111134.98338811506,96463.98052844066,110154.72864584834,125479.72025937654
2026-04-17,123105.00129811314,109021.24975053416,129253.2845338289,129970.30361890931,111897.12636555909,97571.65722325127,110690.41515567162,127395.95578555112
2026-04-20,122858.82390418279,108570.74635634905,128068.16145883135,129177.67696851632,111517.55398103895,97087.61687900644,110489.00576869315,127356.77636024015
2026-04-21,122054.48034858452,107736.34226451706,126525.84498997343,128255.57679698456,110930.00197781957,96120.97463670112,109386.86001877446,126938.49237165012
2026-04-22,123290.49093099401,107591.66850236768,126417.52189081715,128599.48626173408,111345.99238332662,95936.92005335732,109497.67255616197,128045.32357890476
2026-04-23,122812.03248415318,108217.24887363307,126529.69537734755,130168.50597559645,110689.42770372298,95652.20008375273,109021.70003718243,127215.86494606006
2026-04-24,123763.74090192582,109484.87070800584,130041.83073249682,129361.00539724877,111083.57609622992,95495.31428372643,109313.02814729119,127842.40195775047
2026-04-27,123976.95956948304,109169.01788487058,130800.27108639502,128499.34579503341,110839.05233580073,94922.59488199394,109091.65315449124,127381.10357471311
2026-04-28,123373.68864291695,108996.81381327836,129869.618922677,128516.19634327658,111045.54747224269,95834.82252634589,109817.24327942415,127584.162702589
2026-04-29,123354.62625756371,109226.68225175826,131391.702139642,129102.53871428406,111584.8371556008,96271.01871725902,110549.4223780692,129476.23934645414
2026-04-30,124581.95958275617,111557.42488478546,133797.3178348625,133097.94821459014,113114.7778054154,97140.60032841937,112819.71668872699,130427.26863173068
2026-05-01,124926.9389005486,111501.45935584726,133567.58545355924,132633.4163234046,112978.36957708631,96675.58133280442,111968.91407417793,130529.55790022456
2026-05-04,124469.28253366202,110318.13010303382,132299.04611315616,131684.75201327234,111753.7783479016,95828.91184328574,110649.7869037379,129562.80446351462
2026-05-05,125467.80358725204,111150.74464115832,134809.48106577713,133657.19583344794,112841.74604798765,96614.48357502597,111830.90523888743,130166.09679723822
2026-05-06,127211.73073788574,111265.48566611978,135270.28328227712,133564.0752083079,113566.58187539557,96963.22345651918,112065.75655471408,130415.48959253445
2026-05-07,126821.68908677078,111172.51145656,132812.96345784017,131981.0423032945,113195.80566584734,96332.1181554311,112402.28954934565,130165.6985038744
2026-05-08,127868.74125499136,110281.2000658489,135313.72941872585,133524.1286189901,113512.81928364543,96962.74663793066,112713.32142310364,130303.70020586798
2026-05-11,128159.97037435033,111258.40569945416,137996.83883663538,134915.22848197806,113682.9385835803,97101.47224206993,112665.71744863573,130806.4512017903
2026-05-12,127965.81409214638,110817.39609397054,137187.81718375717,134993.18338047725,113696.70076933163,97009.32715852816,112867.29346331084,129931.9558209521
2026-05-13,128681.76206780665,110906.19842279173,137619.7431865083,136265.47038530486,113674.16875144679,97329.6967015219,113110.21619685226,130293.54833278991
2026-05-14,129697.61642004286,111105.90498219346,138974.62260849177,137973.28118185673,114236.87028824899,97768.21534625918,113395.41494469733,130394.68092572471
2026-05-15,128137.43920768908,109463.49717771303,136787.19386401365,136653.52945986003,113520.36750757998,96757.16360292926,112441.36752398603,130177.94853420876
2026-05-18,128047.29332525619,110310.3279466401,137587.52826865827,137419.370506641,114053.13792483568,97066.18641025908,112727.83154457915,129790.27800561734
2026-05-19,127194.39743923955,109828.22405011044,137535.9088007675,137665.98180986874,113619.42350763243,96343.07303495619,112198.40536224216,129174.20817869488
2026-05-20,128498.01212952673,111211.0071965504,138783.70993673516,137432.5084438416,114570.69899828774,97659.38713443838,113458.78279860574,131628.21640627607
2026-05-21,128752.83495699237,112560.46164767403,138303.88088557497,136649.841144892,114685.86258528847,97953.90512130204,113803.29164566458,131677.48848317895
2026-05-22,129259.03304640343,114456.38132318432,138767.09148382262,137241.0371966262,115745.02235016282,98347.35677844592,114508.817981086,132487.06552907912
2026-05-26,130117.13740832904,113534.35010178102,138728.51992900524,136318.15529180437,115168.11177996013,97059.60353067356,113868.81307265649,131356.81894415192
2026-05-27,130094.59563377388,114466.87539035907,137545.56894346568,136108.01808669523,115346.22350089786,96988.97921386195,114452.66434458867,131673.83906420015
2026-05-28,130812.27269614117,114454.72854072729,137318.0721818274,135775.26047072042,116020.81677313388,97619.50947324515,114618.36482637939,132022.5505381225
2026-05-29,131138.17902068645,113081.30752431328,136349.29906485145,134168.1513770883,116427.71937607307,98244.87001299139,115035.63290229699,133648.6731634615
