tag,subset,method,fold,fitted_at,n_samples,status,temperature,slope,intercept,base_rate
llama,all,raw,2025-01,2025-01-02,0,identity,,,,
llama,all,raw,2025-02,2025-02-07,0,identity,,,,
llama,all,raw,2025-03,2025-03-07,0,identity,,,,
llama,all,raw,2025-04,2025-04-04,0,identity,,,,
llama,all,raw,2025-05,2025-05-02,0,identity,,,,
llama,all,raw,2025-06,2025-06-06,0,identity,,,,
llama,all,raw,2025-07,2025-07-03,0,identity,,,,
llama,all,raw,2025-08,2025-08-01,0,identity,,,,
llama,all,raw,2025-09,2025-09-05,0,identity,,,,
llama,all,raw,2025-10,2025-10-03,0,identity,,,,
llama,all,raw,2025-11,2025-11-07,0,identity,,,,
llama,all,raw,2025-12,2025-12-05,0,identity,,,,
llama,all,raw,2026-01,2026-01-02,0,identity,,,,
llama,all,raw,2026-02,2026-02-06,0,identity,,,,
llama,all,raw,2026-03,2026-03-06,0,identity,,,,
llama,all,raw,2026-04,2026-04-02,0,identity,,,,
llama,all,raw,2026-05,2026-05-01,0,identity,,,,
llama,all,base_rate,2025-01,2025-01-02,0,insufficient_samples,,,,
llama,all,base_rate,2025-02,2025-02-07,255,fitted,,,,0.27450980392156865
llama,all,base_rate,2025-03,2025-03-07,459,fitted,,,,0.2766884531590414
llama,all,base_rate,2025-04,2025-04-04,663,fitted,,,,0.2790346907993967
llama,all,base_rate,2025-05,2025-05-02,867,fitted,,,,0.27566320645905423
llama,all,base_rate,2025-06,2025-06-06,1122,fitted,,,,0.2789661319073084
llama,all,base_rate,2025-07,2025-07-03,1326,fitted,,,,0.2850678733031674
llama,all,base_rate,2025-08,2025-08-01,1530,fitted,,,,0.28366013071895424
llama,all,base_rate,2025-09,2025-09-05,1785,fitted,,,,0.2823529411764706
llama,all,base_rate,2025-10,2025-10-03,1989,fitted,,,,0.28054298642533937
llama,all,base_rate,2025-11,2025-11-07,2244,fitted,,,,0.27762923351158647
llama,all,base_rate,2025-12,2025-12-05,2448,fitted,,,,0.28431372549019607
llama,all,base_rate,2026-01,2026-01-02,2652,fitted,,,,0.28846153846153844
llama,all,base_rate,2026-02,2026-02-06,2907,fitted,,,,0.2868937048503612
llama,all,base_rate,2026-03,2026-03-06,3111,fitted,,,,0.2828672452587592
llama,all,base_rate,2026-04,2026-04-02,3315,fitted,,,,0.2793363499245852
llama,all,base_rate,2026-05,2026-05-01,3519,fitted,,,,0.28076157999431656
llama,all,temperature,2025-01,2025-01-02,0,insufficient_samples,,,,
llama,all,temperature,2025-02,2025-02-07,255,fitted,19.999999257671483,,,
llama,all,temperature,2025-03,2025-03-07,459,fitted,19.999999257671483,,,
llama,all,temperature,2025-04,2025-04-04,663,fitted,19.999999257671483,,,
llama,all,temperature,2025-05,2025-05-02,867,fitted,19.999999257671483,,,
llama,all,temperature,2025-06,2025-06-06,1122,fitted,19.999999257671483,,,
llama,all,temperature,2025-07,2025-07-03,1326,fitted,19.999999257671483,,,
llama,all,temperature,2025-08,2025-08-01,1530,fitted,19.999999257671483,,,
llama,all,temperature,2025-09,2025-09-05,1785,fitted,19.999999257671483,,,
llama,all,temperature,2025-10,2025-10-03,1989,fitted,19.999999257671483,,,
llama,all,temperature,2025-11,2025-11-07,2244,fitted,19.999999257671483,,,
llama,all,temperature,2025-12,2025-12-05,2448,fitted,19.999999257671483,,,
llama,all,temperature,2026-01,2026-01-02,2652,fitted,19.999999257671483,,,
llama,all,temperature,2026-02,2026-02-06,2907,fitted,19.999999257671483,,,
llama,all,temperature,2026-03,2026-03-06,3111,fitted,19.999999257671483,,,
llama,all,temperature,2026-04,2026-04-02,3315,fitted,19.999999257671483,,,
llama,all,temperature,2026-05,2026-05-01,3519,fitted,19.999999257671483,,,
llama,all,platt,2025-01,2025-01-02,0,insufficient_samples,,,,
llama,all,platt,2025-02,2025-02-07,255,fitted,,0.38954035288361843,-1.3175960870095729,
llama,all,platt,2025-03,2025-03-07,459,fitted,,0.4729208919210494,-1.3713019010681338,
llama,all,platt,2025-04,2025-04-04,663,fitted,,0.5246502854375438,-1.4087446470564058,
llama,all,platt,2025-05,2025-05-02,867,fitted,,0.6104978770824844,-1.5092396100786423,
llama,all,platt,2025-06,2025-06-06,1122,fitted,,0.5453126186586177,-1.424818709461817,
llama,all,platt,2025-07,2025-07-03,1326,fitted,,0.5740061005153028,-1.4200896681108641,
llama,all,platt,2025-08,2025-08-01,1530,fitted,,0.6267198472560954,-1.466398099440085,
llama,all,platt,2025-09,2025-09-05,1785,fitted,,0.4879475299411579,-1.3516109090939141,
llama,all,platt,2025-10,2025-10-03,1989,fitted,,0.501230410213422,-1.3709050005538606,
llama,all,platt,2025-11,2025-11-07,2244,fitted,,0.4067528985422753,-1.3042248962474314,
llama,all,platt,2025-12,2025-12-05,2448,fitted,,0.40354926624702697,-1.2685393679392178,
llama,all,platt,2026-01,2026-01-02,2652,fitted,,0.3310941910272211,-1.1858305392962118,
llama,all,platt,2026-02,2026-02-06,2907,fitted,,0.33542826538606213,-1.1967181666526843,
llama,all,platt,2026-03,2026-03-06,3111,fitted,,0.32685137723149404,-1.2066400312193306,
llama,all,platt,2026-04,2026-04-02,3315,fitted,,0.35586382239789854,-1.24960278736666,
llama,all,platt,2026-05,2026-05-01,3519,fitted,,0.36374788884679615,-1.249541910156861,
llama,directional,raw,2025-01,2025-01-02,0,identity,,,,
llama,directional,raw,2025-02,2025-02-07,0,identity,,,,
llama,directional,raw,2025-03,2025-03-07,0,identity,,,,
llama,directional,raw,2025-04,2025-04-04,0,identity,,,,
llama,directional,raw,2025-05,2025-05-02,0,identity,,,,
llama,directional,raw,2025-06,2025-06-06,0,identity,,,,
llama,directional,raw,2025-07,2025-07-03,0,identity,,,,
llama,directional,raw,2025-08,2025-08-01,0,identity,,,,
llama,directional,raw,2025-09,2025-09-05,0,identity,,,,
llama,directional,raw,2025-10,2025-10-03,0,identity,,,,
llama,directional,raw,2025-11,2025-11-07,0,identity,,,,
llama,directional,raw,2025-12,2025-12-05,0,identity,,,,
llama,directional,raw,2026-01,2026-01-02,0,identity,,,,
llama,directional,raw,2026-02,2026-02-06,0,identity,,,,
llama,directional,raw,2026-03,2026-03-06,0,identity,,,,
llama,directional,raw,2026-04,2026-04-02,0,identity,,,,
llama,directional,raw,2026-05,2026-05-01,0,identity,,,,
llama,directional,base_rate,2025-01,2025-01-02,0,insufficient_samples,,,,
llama,directional,base_rate,2025-02,2025-02-07,64,fitted,,,,0.5625
llama,directional,base_rate,2025-03,2025-03-07,112,fitted,,,,0.5357142857142857
llama,directional,base_rate,2025-04,2025-04-04,172,fitted,,,,0.47674418604651164
llama,directional,base_rate,2025-05,2025-05-02,266,fitted,,,,0.4774436090225564
llama,directional,base_rate,2025-06,2025-06-06,306,fitted,,,,0.49019607843137253
llama,directional,base_rate,2025-07,2025-07-03,343,fitted,,,,0.5014577259475219
llama,directional,base_rate,2025-08,2025-08-01,366,fitted,,,,0.4972677595628415
llama,directional,base_rate,2025-09,2025-09-05,409,fitted,,,,0.49877750611246946
llama,directional,base_rate,2025-10,2025-10-03,430,fitted,,,,0.48604651162790696
llama,directional,base_rate,2025-11,2025-11-07,473,fitted,,,,0.49682875264270615
llama,directional,base_rate,2025-12,2025-12-05,524,fitted,,,,0.5
llama,directional,base_rate,2026-01,2026-01-02,548,fitted,,,,0.5
llama,directional,base_rate,2026-02,2026-02-06,601,fitted,,,,0.5108153078202995
llama,directional,base_rate,2026-03,2026-03-06,646,fitted,,,,0.5030959752321982
llama,directional,base_rate,2026-04,2026-04-02,729,fitted,,,,0.4869684499314129
llama,directional,base_rate,2026-05,2026-05-01,786,fitted,,,,0.5
llama,directional,temperature,2025-01,2025-01-02,0,insufficient_samples,,,,
llama,directional,temperature,2025-02,2025-02-07,64,fitted,3.2511675174255075,,,
llama,directional,temperature,2025-03,2025-03-07,112,fitted,5.723282619306849,,,
llama,directional,temperature,2025-04,2025-04-04,172,fitted,19.999999257671483,,,
llama,directional,temperature,2025-05,2025-05-02,266,fitted,19.999999257671483,,,
llama,directional,temperature,2025-06,2025-06-06,306,fitted,19.999999257671483,,,
llama,directional,temperature,2025-07,2025-07-03,343,fitted,19.999999257671483,,,
llama,directional,temperature,2025-08,2025-08-01,366,fitted,19.999999257671483,,,
llama,directional,temperature,2025-09,2025-09-05,409,fitted,19.999999257671483,,,
llama,directional,temperature,2025-10,2025-10-03,430,fitted,19.999999257671483,,,
llama,directional,temperature,2025-11,2025-11-07,473,fitted,19.999999257671483,,,
llama,directional,temperature,2025-12,2025-12-05,524,fitted,19.999999257671483,,,
llama,directional,temperature,2026-01,2026-01-02,548,fitted,19.999999257671483,,,
llama,directional,temperature,2026-02,2026-02-06,601,fitted,19.999999257671483,,,
llama,directional,temperature,2026-03,2026-03-06,646,fitted,19.999999257671483,,,
llama,directional,temperature,2026-04,2026-04-02,729,fitted,19.999999257671483,,,
llama,directional,temperature,2026-05,2026-05-01,786,fitted,19.999999257671483,,,
llama,directional,platt,2025-01,2025-01-02,0,insufficient_samples,,,,
llama,directional,platt,2025-02,2025-02-07,64,fitted,,0.7723847569821571,-0.44971597656021994,
llama,directional,platt,2025-03,2025-03-07,112,fitted,,0.6197015153883525,-0.44072690232837797,
llama,directional,platt,2025-04,2025-04-04,172,fitted,,0.03533145234045548,-0.126266664989749,
llama,directional,platt,2025-05,2025-05-02,266,fitted,,-0.2702440122229818,0.17213088768705928,
llama,directional,platt,2025-06,2025-06-06,306,fitted,,-0.3358223361498608,0.2915688503878562,
llama,directional,platt,2025-07,2025-07-03,343,fitted,,-0.470565579133479,0.4702025371911041,
llama,directional,platt,2025-08,2025-08-01,366,fitted,,-0.42719270315688385,0.4102063993716809,
llama,directional,platt,2025-09,2025-09-05,409,fitted,,-0.47932763567025893,0.46538773236166836,
llama,directional,platt,2025-10,2025-10-03,430,fitted,,-0.4503185762251556,0.38561943034580803,
llama,directional,platt,2025-11,2025-11-07,473,fitted,,-0.6256708961071287,0.5957176946452295,
llama,directional,platt,2025-12,2025-12-05,524,fitted,,-0.3574334843350289,0.34608715818903724,
llama,directional,platt,2026-01,2026-01-02,548,fitted,,-0.34128018818679623,0.330255301373237,
llama,directional,platt,2026-02,2026-02-06,601,fitted,,-0.2743848374492269,0.30941063475081276,
llama,directional,platt,2026-03,2026-03-06,646,fitted,,-0.2021677730814231,0.2080103034434629,
llama,directional,platt,2026-04,2026-04-02,729,fitted,,-0.12532320120019597,0.06870112402834028,
llama,directional,platt,2026-05,2026-05-01,786,fitted,,-0.17000292793948255,0.16342511155794212,
