period,n_days,return,annualised_vol,sharpe,max_drawdown,n_recommendations,n_BUY,n_HOLD,n_SELL,hit_rate,mean_raw_confidence,mean_calibrated_confidence
2025-01,19,-0.013076338356109773,0.12833321462700695,-1.2988686584076716,-0.03633347170838719,306,103,96,107,0.3660130718954248,0.658321768754234,0.658321768754234
2025-02,19,0.0037900909453592035,0.11307077302181605,0.49733722739064656,-0.028948918468692852,204,91,45,68,0.45098039215686275,0.67980549737603,0.510861475146998
2025-03,21,-0.05049959866343312,0.14242801502207234,-4.2925121282931284,-0.057345557381790035,204,43,58,103,0.4117647058823529,0.6740654165969159,0.510905936054871
2025-04,21,-0.06914299105292343,0.39540451871849025,-1.9775608018920494,-0.10878650907499499,204,22,55,127,0.35294117647058826,0.7574000002448892,0.51792887731517
2025-05,21,0.06469083053573144,0.16709579015260878,4.587456688148656,-0.02859029757671583,255,131,58,66,0.45098039215686275,0.6793082822853759,0.5111421433719537
2025-06,20,0.03569966690788551,0.08761676988813155,5.090413430789822,-0.01494965917571478,204,110,45,49,0.4019607843137255,0.6509031134796356,0.5089464713600536
2025-07,22,0.012654346762910329,0.11235845998410504,1.3358778287412967,-0.022201791653475356,204,114,55,35,0.3480392156862745,0.6544422873960394,0.5089694077149948
2025-08,21,0.01838609824582127,0.10576005993487003,2.118267357870217,-0.013049870543833664,255,130,64,61,0.396078431372549,0.64770421165825,0.5086359121164515
2025-09,21,0.03224245286823324,0.07722228059427201,4.971646905917912,-0.006839318481999479,204,94,44,66,0.49019607843137253,0.6296318731299513,0.5075544614944592
2025-10,23,0.0029354282068512205,0.11928485189001249,0.3266352940647178,-0.02990730794530949,255,109,68,78,0.3333333333333333,0.6586260182290457,0.5094235724471473
2025-11,19,-0.003562116673939908,0.13502548146720467,-0.28645849764382053,-0.03755344433512864,204,71,47,86,0.4068627450980392,0.6468307486433346,0.508924533330139
2025-12,22,-0.0076428957477803205,0.10308699163814702,-0.80324521532779,-0.017507583190185194,204,102,59,43,0.43137254901960786,0.6564233780800434,0.5094842757222177
2026-01,20,0.039260229468051744,0.11562095776162812,4.255339329037615,-0.014441226581687672,255,129,50,76,0.47843137254901963,0.6755865134724286,0.5106796729523136
2026-02,19,0.036724898417194396,0.12528029460952492,3.8810096564419188,-0.012718993053262073,204,104,44,56,0.4362745098039216,0.6944865998084456,0.5123683710153837
2026-03,22,-0.03398977869040698,0.11357542976892514,-3.430592037678969,-0.05783173106015982,204,28,50,126,0.4852941176470588,0.6961081323776805,0.5120187637567497
2026-04,21,0.040185597008038476,0.12762248087546013,3.7688515995896226,-0.009465224278348283,204,71,62,71,0.4166666666666667,0.6970490535735421,0.5126899127489624
2026-05,20,0.056619774510038745,0.11652829021925531,6.018596487062901,-0.014872126079472303,255,107,69,79,0.41830065359477125,0.669266157461607,0.5104264075473834
