date,equity,daily_return,drawdown
2025-01-02,100000.0,,0.0
2025-01-03,100000.0,0.0,0.0
2025-01-06,100196.65577815702,0.0019665577815701774,0.0
2025-01-07,98111.61380730817,-0.020809496630958324,-0.020809496630958324
2025-01-08,98358.0008229983,0.0025112930684643153,-0.018350462307141546
2025-01-10,96898.69870009701,-0.014836638714601391,-0.03291484184224602
2025-01-13,97482.32625985821,0.0060230691184772756,-0.027090021091208283
2025-01-14,97451.86418579752,-0.0003124881732867735,-0.027394043953289926
2025-01-15,99529.27440689062,0.021317295861394747,-0.006660715031687636
2025-01-16,98956.96104693587,-0.005750201268573951,-0.012372615848236679
2025-01-17,100380.95062844972,0.014389989005810788,0.0
2025-01-21,101986.9796255983,0.015999340383746175,0.0
2025-01-22,101986.58814293353,-3.838555335256011e-06,-3.838555335256011e-06
2025-01-23,103147.99159869706,0.011387805758692915,0.0
2025-01-24,102661.06580235618,-0.004720652227871658,-0.004720652227871658
2025-01-27,101188.52707699208,-0.014343692166600475,-0.018996632812089964
2025-01-28,101091.8044412288,-0.0009558656357323558,-0.01993434021932261
2025-01-29,100656.71194430668,-0.004303934422053679,-0.024152478548325473
2025-01-30,101938.04142829505,0.012729697396606232,-0.011730234895017455
2025-01-31,101435.20640680696,-0.0049327514482588875,-0.016605124010109495
2025-02-03,100579.95828492806,-0.008431472189733835,-0.024896590558544984
2025-02-04,101260.2611477256,0.006763801401372005,-0.018301184751282173
2025-02-05,102038.97056876868,0.007690177886338301,-0.010751746231212
2025-02-06,101915.08789665808,-0.0012140721473381522,-0.011952764982915642
2025-02-07,100785.18719906203,-0.011086687171793175,-0.022906935588505206
2025-02-10,101510.70348785687,0.007198640087475061,-0.015873194285838887
2025-02-11,101607.01852293265,0.00094881654610246,-0.014939438489114276
2025-02-12,101098.4795686549,-0.005004958925775016,-0.019869626138877217
2025-02-13,101783.95339832608,0.006780258541926765,-0.01322408879930348
2025-02-14,101625.88318678258,-0.0015529973661456697,-0.014756549190374169
2025-02-18,102319.19997197334,0.006822246099613016,-0.00803497590091895
2025-02-19,102629.3415798506,0.0030311183821043475,-0.005028212481967609
2025-02-20,102019.35425748023,-0.005943595788303613,-0.01094192260774074
2025-02-21,100415.15544933817,-0.015724455617444066,-0.026494322448769925
2025-02-24,100132.92052324725,-0.0028106805673703272,-0.029230535938887803
2025-02-25,100293.02301592559,0.001598899660987918,-0.02767837297190312
2025-02-26,99764.08767653811,-0.0052738996540515615,-0.032806299664313476
2025-02-27,98971.86840151559,-0.007940926374138901,-0.0404867136282101
2025-02-28,100609.78897309984,0.01654935486252951,-0.024607387756731436
2025-03-03,98916.14624018995,-0.01683377681432896,-0.041026929297579895
2025-03-04,97300.85864569889,-0.016329867831373024,-0.05668683279599629
2025-03-05,98443.09667927041,0.011739238989973977,-0.04561305408379934
2025-03-06,97363.47445564422,-0.010966967314565812,-0.05607978452511053
2025-03-07,98097.6795042788,0.007540867381114813,-0.048961807361860954
2025-03-10,95930.1250232614,-0.02209587924985379,-0.06997583242839245
2025-03-11,95085.26097584794,-0.008807077518231066,-0.07816662736602398
2025-03-12,95157.53513134614,0.0007600984080651241,-0.07746594328698353
2025-03-13,94057.21807061143,-0.011563110154292455,-0.08813330620584237
2025-03-14,95717.87618735468,0.01765582855636394,-0.07203354419395447
2025-03-17,96455.01696280205,0.0077011818984003,-0.06488710572217826
2025-03-18,95770.77823489452,-0.007093863538185974,-0.07152066898698328
2025-03-19,96676.58326270926,0.00945805228389296,-0.06273906292974829
2025-03-20,96548.81973644723,-0.0013215560785267977,-0.06397770581829909
2025-03-21,96223.2907407459,-0.0033716517362919474,-0.06713364701168478
2025-03-24,97557.15132306861,0.013862138491153031,-0.054202124432823906
2025-03-25,97470.21698526338,-0.0008911118931439477,-0.05504493616825201
2025-03-26,96982.9501127521,-0.004999136019005146,-0.05976889506419458
2025-03-27,96819.89743630933,-0.0016812509441423984,-0.061349659497079934
2025-03-28,95180.55304343172,-0.01693189557400654,-0.0772427890429811
2025-03-31,95828.73481861436,0.006810023208069449,-0.07095879102095037
2025-04-01,95923.58773181285,0.0009898170249040827,-0.07003921021546544
2025-04-02,96458.10345783462,0.005572307486206407,-0.06485718274467056
2025-04-03,91652.30055229444,-0.049822697453728804,-0.11144852040481057
2025-04-04,85864.42105071215,-0.06315040066320954,-0.1675609023511344
2025-04-07,85316.66581449479,-0.0063793039015991315,-0.17287128433460952
2025-04-08,84046.96659508123,-0.014882194554745931,-0.18518077480295903
2025-04-09,91538.82949322496,0.08913900407896658,-0.11254860056449945
2025-04-10,88223.9586303209,-0.03621272940953857,-0.14468563795637368
2025-04-11,89708.65849769823,0.016828760468554416,-0.1302917574322271
2025-04-14,90543.92614831205,0.009310892221571443,-0.12219399772146622
2025-04-15,90171.44321721821,-0.004113836752381417,-0.1258051483151007
2025-04-16,88602.96430189497,-0.01739440846637952,-0.14101125064451392
2025-04-17,89733.46348938573,0.012759157624104178,-0.13005127779415515
2025-04-21,88115.88067234066,-0.01802652827767437,-0.14573343303512543
2025-04-22,89962.78874152339,0.02095999103782953,-0.12782801344762418
2025-04-23,91103.70647066725,0.012682107181246849,-0.116767034833686
2025-04-24,92744.4908939209,0.018010073210160016,-0.10085994446941393
2025-04-25,93243.29820518421,0.005378295858390558,-0.09602410323264077
2025-04-28,93466.54527073601,0.0023942424801461915,-0.093859765739572
2025-04-29,94005.6795848263,0.005768206287379396,-0.08863296194306358
2025-04-30,93878.79837821357,-0.0013497185188501293,-0.08986305091179858
2025-05-01,93829.98292317797,-0.0005199838076210828,-0.0903363073880421
2025-05-02,95302.19435124376,0.01569020245129038,-0.07606349988837213
2025-05-05,94444.71077970353,-0.00899752180290736,-0.08437663869262835
2025-05-06,93614.13138428896,-0.008794345268862358,-0.09242894666820178
2025-05-07,94267.44628838779,0.0069788064519547,-0.08609518394560234
2025-05-08,94959.04315614782,0.007336539759910998,-0.0793902849258451
2025-05-09,94909.19179468146,-0.0005249775040843119,-0.07987358431630054
2025-05-12,97938.80531071885,0.031921181276007404,-0.05050206220441833
2025-05-13,98380.702255723,0.004511969934717808,-0.04621795605600798
2025-05-14,98040.7921139999,-0.0034550489468916368,-0.049513319702500946
2025-05-15,99113.71479864631,0.01094363541452048,-0.03911154000696715
2025-05-16,99785.5592448556,0.006778521494973377,-0.03259813692663249
2025-05-19,99640.39072192523,-0.0014548049239685445,-0.03400551792048789
2025-05-20,99309.22795917618,-0.0033235795278367952,-0.037216077405130665
2025-05-21,97536.86731713796,-0.017846887730984973,-0.05439877398087867
2025-05-22,97530.28521114319,-6.748326223537937e-05,-0.054462586236384225
2025-05-23,96850.5885763889,-0.006969082816509986,-0.06105211477901151
2025-05-27,98573.7787272112,0.01779225274881191,-0.044346116687197235
2025-05-28,97970.96934456094,-0.0061153117029068005,-0.05019023806374834
2025-05-29,98435.59369583745,0.004742469676322525,-0.04568579406949047
2025-05-30,98460.07801802165,0.00024873443908779436,-0.045448423260764925
2025-06-02,98762.39825248545,0.003070485424645497,-0.04251748655731469
2025-06-03,99535.01508743649,0.007822985757958811,-0.03502711449115803
2025-06-04,99305.81265827922,-0.002302731646304901,-0.03724918809244537
2025-06-05,98665.52368305666,-0.0064476485120348315,-0.043456666932301435
2025-06-06,99722.71548179025,0.010714905868534297,-0.03320739515930704
2025-06-09,100080.55432745439,0.003588338363384125,-0.029738216165921094
2025-06-10,101058.75643433628,0.009774147569979519,-0.020254734309215316
2025-06-11,100763.34910511322,-0.002923124523256937,-0.023118651721900974
2025-06-12,101267.1568249378,0.004999910426746856,-0.01823433248295081
2025-06-13,100414.82307181937,-0.008416684933614582,-0.026497544785081595
2025-06-16,101037.62641658222,0.006202304856100849,-0.020459585779675993
2025-06-17,100197.67365563136,-0.00831326695549739,-0.028602766736788077
2025-06-18,100089.18122024102,-0.0010827839752368673,-0.029654580094554905
2025-06-20,100108.22509354181,0.0001902690487485259,-0.02946995339455205
2025-06-23,100576.37514735808,0.004676439457185655,-0.02493132839022205
2025-06-24,101338.55488844826,0.007578119016254936,-0.01754214194774162
2025-06-25,101039.75516069707,-0.002948529590540372,-0.020438948013667635
2025-06-26,101778.50058849991,0.007311433273248902,-0.013276952744996073
2025-06-27,102655.58094160895,0.008617540522189104,-0.004773826901098177
2025-06-30,102896.92228757383,0.002350981249642503,-0.002434068828989111
2025-07-01,103852.8080019089,0.009289740578086292,0.0
2025-07-02,104328.88229109158,0.004584125343764622,0.0
2025-07-03,104834.23088932512,0.004843803433296268,0.0
2025-07-07,103751.33689274578,-0.010329584024158733,-0.010329584024158733
2025-07-08,104354.05477045102,0.005809254085355153,-0.004580337116995903
2025-07-09,104475.63691864384,0.0011650927073247885,-0.0034205809270433374
2025-07-10,104907.98528086803,0.0041382696959375576,0.0
2025-07-11,104478.65234408728,-0.004092471470415693,-0.004092471470415693
2025-07-14,104408.62443233847,-0.000670260480755247,-0.00475998892927576
2025-07-15,103214.66690482748,-0.01143543010936554,-0.016140986517919176
2025-07-16,103590.71954971149,0.003643403172833626,-0.01255639146657761
2025-07-17,103785.54429774494,0.0018807162348164486,-0.010699290241043102
2025-07-18,103467.17606522313,-0.003067558537906412,-0.013734028079821048
2025-07-21,103469.44643426173,2.194289169699104e-05,-0.013712386552414801
2025-07-22,104053.96432086655,0.005649183471530206,-0.008140666868351576
2025-07-23,105633.08743603557,0.015176001466888245,0.0
2025-07-24,105192.26015054788,-0.004173193231283956,-0.004173193231283956
2025-07-25,105377.14220942832,0.0017575633284792058,-0.0024229645541907763
2025-07-28,105559.78196775769,0.0017332009058130815,-0.0006939631327377294
2025-07-29,104923.6150561644,-0.006026603122272434,-0.006716384014627708
2025-07-30,104265.30150313658,-0.006274217226269196,-0.012948461188614147
2025-07-31,102890.52282841495,-0.013185390104878514,-0.0259631207814629
2025-08-01,101647.98253628334,-0.012076333737789713,-0.03772591520782109
2025-08-04,102481.94815519956,0.00820444831375311,-0.0298309872154795
2025-08-05,102617.71123974069,0.0013247512072616097,-0.02854575464454534
2025-08-06,103006.8050507417,0.003791682803098162,-0.024862308288434387
2025-08-07,102509.66446082841,-0.004826288803622236,-0.029568604411931987
2025-08-08,103360.13523805792,0.008296493620408851,-0.021517426529391148
2025-08-11,103219.26481291895,-0.0013629086766819842,-0.022851008918756355
2025-08-12,104502.33230958987,0.01243050412145874,-0.010704554357841789
2025-08-13,105288.39871292896,0.007521998657507023,-0.0032630753438436244
2025-08-14,105374.67434520209,0.0008194220192137003,-0.002446327160417039
2025-08-15,105734.46987034031,0.0034144402094145043,0.0
2025-08-18,105768.85883666591,0.00032523893454761144,0.0
2025-08-19,105746.84697099267,-0.0002081129163663542,-0.0002081129163663542
2025-08-20,105692.82356046225,-0.00051087490623003,-0.0007188815029297579
2025-08-21,105403.50902330084,-0.002737314865998486,-0.0034542285639033166
2025-08-22,107124.62264949681,0.01632880766631306,0.0
2025-08-25,106523.0747488952,-0.005615402749840515,-0.005615402749840515
2025-08-26,106930.79774812229,0.0038275556745634987,-0.0018093403419371379
2025-08-27,107297.67451020225,0.003430973768138834,0.0
2025-08-28,107457.2386560621,0.0014871165343353088,0.0
2025-08-29,107217.57184946912,-0.0022303458528286635,-0.0022303458528286635
2025-09-02,106699.96925900261,-0.0048275910518960075,-0.0070471697070428885
2025-09-03,106292.02612755554,-0.003823273186300824,-0.010843499638363507
2025-09-04,106982.38801868528,0.006494954666695918,-0.004418973010247074
2025-09-05,106775.19638945618,-0.0019366891417016419,-0.006347103974902346
2025-09-08,106773.71501762184,-1.3873744881043315e-05,-0.006360889661682134
2025-09-09,107108.03592071707,0.003131116146329216,-0.0032496901996775795
2025-09-10,108012.19776522358,0.008441587381695426,0.0
2025-09-11,108906.70177744552,0.008281509225154693,0.0
2025-09-12,108162.16377579418,-0.0068364755290526436,-0.0068364755290526436
2025-09-15,108248.83405210866,0.0008012993942516644,-0.006040654198501305
2025-09-16,108721.44686858248,0.004365985283927509,-0.001701042321909707
2025-09-17,108996.97562885797,0.0025342631855196363,0.0
2025-09-18,109608.16865892272,0.0056074310919038695,0.0
2025-09-19,109639.94551145534,0.0002899131782003739,0.0
2025-09-22,109731.62086155335,0.0008361491760175976,0.0
2025-09-23,109565.73108559567,-0.0015117773222996789,-0.0015117773222996789
2025-09-24,109522.72096611596,-0.00039255083732447904,-0.0019037347101703572
2025-09-25,109038.64296946375,-0.0044198865074031035,-0.006315206926214345
2025-09-26,109706.40455177626,0.006124081922951996,-0.00022979984783888519
2025-09-29,109612.77067704844,-0.0008534950635779026,-0.0010830987783809753
2025-09-30,110192.01777763004,0.005284485530324234,0.0
2025-10-01,111205.44919915183,0.009196958563431723,0.0
2025-10-02,111109.3203428534,-0.00086442577221435,-0.00086442577221435
2025-10-03,111529.14524872172,0.0037784850503346235,0.0
2025-10-06,111470.15031701082,-0.0005289642593362398,-0.0005289642593362398
2025-10-07,111283.12459582456,-0.0016778098948855291,-0.0022058866527534526
2025-10-08,111198.41944113943,-0.000761168011706892,-0.0029653756141028165
2025-10-09,110869.52842908948,-0.002957695025728735,-0.0059142999631282
2025-10-10,108496.67163564592,-0.021402244846393526,-0.027189965513615855
2025-10-13,109783.37280191587,0.011859360723902812,-0.015653060398809537
2025-10-14,110161.3014814266,0.003442494704481769,-0.012264451271859711
2025-10-15,110406.450785375,0.002225366808958018,-0.010066377365692158
2025-10-16,109898.86005617824,-0.004597473477192859,-0.014617570939934765
2025-10-17,110198.1784582253,0.0027235805894079146,-0.01193380248300313
2025-10-20,111325.96522045236,0.010234168822078837,-0.0018217662102246734
2025-10-21,111668.4955473076,0.003076823328474587,0.0
2025-10-22,111492.07940604672,-0.001579820166791257,-0.001579820166791257
2025-10-23,112184.99865538954,0.0062149639062634154,0.0
2025-10-24,112537.98149246469,0.003146435274821835,0.0
2025-10-27,113489.49365823058,0.008455031387155199,0.0
2025-10-28,113552.97887352617,0.0005593928851843621,0.0
2025-10-29,112659.50171746791,-0.007868372674339152,-0.007868372674339152
2025-10-30,112035.30367692753,-0.005540571643089298,-0.013365349034911711
2025-10-31,112435.21830007959,0.0035695411180860503,-0.009843516079763304
2025-11-03,112025.72020824504,-0.003642080284325555,-0.01344974548824629
2025-11-04,111270.38786190406,-0.006742490429312853,-0.020101551137327922
2025-11-05,111760.46431378437,0.004404374436876468,-0.015785711458422225
2025-11-06,110883.21408334101,-0.00784937890004056,-0.023511182328018965
2025-11-07,111123.74121110154,0.0021691933242460326,-0.021392989303523957
2025-11-10,111828.49295218616,0.006342044763826049,-0.015186619835492965
2025-11-11,113096.57560339152,0.011339530898869743,-0.004019298081497147
2025-11-12,113460.77136316695,0.003220219160769089,-0.0008120219414228247
2025-11-13,112401.65361238019,-0.009334660235974512,-0.010139102228470032
2025-11-14,112336.12904935221,-0.0005829501695228112,-0.010716141806629942
2025-11-17,111063.45561585021,-0.011329155137105418,-0.021923892110736753
2025-11-18,110482.01155552625,-0.005235241935340862,-0.027044357166713606
2025-11-19,110245.23979619176,-0.002143079728553765,-0.0291294786816515
2025-11-20,108870.78952240168,-0.012467207439804118,-0.04123352286811821
2025-11-21,109973.07455607755,0.010124708735110843,-0.03152629154216957
2025-11-24,110420.72267854487,0.0040705247559398305,-0.02758409533641526
2025-11-25,111553.77886542572,0.010261264003672332,-0.01760587901729227
2025-11-26,112107.28201326875,0.004961760627676837,-0.012731474546939126
2025-11-28,113122.56899472083,0.009056387446195746,-0.003790388267001954
2025-12-01,112481.28400450686,-0.005668939416005436,-0.00943784020155869
2025-12-02,112962.03144005091,0.00427402158322443,-0.005204156151054851
2025-12-03,114396.08245022676,0.012694982481232353,0.0
2025-12-04,114174.74689236621,-0.0019348176364069047,-0.0019348176364069047
2025-12-05,114542.9175031744,0.0032246238404649574,0.0
2025-12-08,113895.6491416247,-0.005650880697462224,-0.005650880697462224
2025-12-09,113752.42511101726,-0.001257502210899597,-0.006901276913391263
2025-12-10,115063.60802375773,0.011526637005415896,0.0
2025-12-11,115865.44580570137,0.006968648000139854,0.0
2025-12-12,115471.96677103595,-0.003395999833507357,-0.003395999833507357
2025-12-15,115461.51047572622,-9.055267353730301e-05,-0.003486244990180465
2025-12-16,114443.7623145954,-0.008814609794532191,-0.012270124895476076
2025-12-17,114042.30571410253,-0.0035078941164945476,-0.015734976713041027
2025-12-18,114026.19123189496,-0.0001413026692740349,-0.01587405598810465
2025-12-19,114428.75628299435,0.0035304612628925813,-0.012399637464963087
2025-12-22,115047.30177607352,0.005405507436867074,-0.007061156360627319
2025-12-23,115073.25452790255,0.0002255833159785503,-0.006837165923715305
2025-12-24,115623.65023174896,0.004783002845487161,-0.0020868652622964
2025-12-26,115585.5388431925,-0.00032961585696422713,-0.002415793255378773
2025-12-29,115347.7766854958,-0.0020570233964929407,-0.004467847308624373
2025-12-30,115380.93628324861,0.00028747496228920255,-0.004181656740571693
2025-12-31,114750.67973953109,-0.005462397550409115,-0.00962121241944447
2026-01-02,115691.85238886056,0.008201891713982112,-0.0014982328478838625
2026-01-05,116836.38357662607,0.009892928189260353,0.0
2026-01-06,117670.07464606444,0.007135543260730959,0.0
2026-01-07,116752.21378986706,-0.007800291271660931,-0.007800291271660931
2026-01-08,117624.80656863665,0.0074738863653591725,-0.00038470339688279065
2026-01-09,118425.8819514349,0.006810428906684818,0.0
2026-01-12,118332.00168306554,-0.0007927343822347055,-0.0007927343822347055
2026-01-13,118105.28031321034,-0.0019159767994327837,-0.002707192320982932
2026-01-14,118295.76022057315,0.0016127975553477114,-0.001098760918792352
2026-01-15,118434.28445824179,0.0011709991753747762,0.0
2026-01-16,118155.17573636239,-0.00235665477404734,-0.00235665477404734
2026-01-20,116549.36651331882,-0.01359068033233335,-0.015915306564692977
2026-01-21,118259.03969856983,0.014669090329681334,-0.0014796793046336632
2026-01-22,118397.43422896831,0.001170265975025897,-0.0003111449479519246
2026-01-23,117545.31156322706,-0.007197137938760867,-0.0075060435336034015
2026-01-26,117814.0621025379,0.002286356943860479,-0.00523684808449687
2026-01-27,117702.37536359341,-0.0009479915805574723,-0.0061798751771615645
2026-01-28,117568.33358538237,-0.001138819652508949,-0.007311657066368715
2026-01-29,117906.57718626558,0.0028769957910270705,-0.004455696881946913
2026-01-30,118162.89323341363,0.0021738910013742174,-0.0022914920799292915
2026-02-02,119380.32833879194,0.010303023834846714,0.0
2026-02-03,119022.45644824473,-0.0029977459061060197,-0.0029977459061060197
2026-02-04,119939.97854668698,0.007708815007033687,0.0
2026-02-05,118326.24304359782,-0.013454525527207828,-0.013454525527207828
2026-02-06,120884.56334314229,0.02162090364520286,0.0
2026-02-09,121300.20731990764,0.003438354453789927,0.0
2026-02-10,120858.4245324888,-0.003642061272440489,-0.003642061272440489
2026-02-11,120853.64760333984,-3.952499933246312e-05,-0.003681442319303563
2026-02-12,119262.61329323146,-0.013164967228216251,-0.016797943480033717
2026-02-13,119865.77279683042,0.00505740639873431,-0.011825491108140906
2026-02-17,119891.05061694188,0.00021088438777505658,-0.011617100531818192
2026-02-18,120580.15272396439,0.005747735994275471,-0.005936136564418493
2026-02-19,120160.0387635228,-0.0034841053933919452,-0.009399559832390492
2026-02-20,120354.24162079702,0.001616201686289509,-0.007798549730552384
2026-02-23,118931.20725997417,-0.011823715904475063,-0.019530057798546552
2026-02-24,119906.42920157847,0.008199882638646239,-0.011490319341774247
2026-02-25,120526.09803540185,0.005167936681540475,-0.006381763903042681
2026-02-26,120403.06583445096,-0.001020793031188627,-0.0073960424741124076
2026-02-27,120045.9327137426,-0.002966146403609038,-0.010340251132935907
2026-03-02,120093.27521056587,0.0003943698528809936,-0.009949959163373046
2026-03-03,118833.74846969743,-0.010487903995124226,-0.02033350894203645
2026-03-04,119410.35907449223,0.004852246202953214,-0.015579925930639837
2026-03-05,118346.22979939776,-0.008911532327196436,-0.024352617244249974
2026-03-06,117370.47347481028,-0.008244929527889688,-0.03239676115914125
2026-03-09,117744.46484352567,0.0031864178242040353,-0.02931357295214132
2026-03-10,117351.39368673782,-0.003338340849484589,-0.032554055103595436
2026-03-11,117403.87882768725,0.00044724770026616234,-0.03212136712960856
2026-03-12,115213.9908806057,-0.018652603039594817,-0.05017482305904575
2026-03-13,114541.87328864068,-0.0058336456087311195,-0.05571576653156962
2026-03-16,115448.1480540498,0.007912169928680601,-0.048244429215393514
2026-03-17,115482.83528897833,0.00030045726599525757,-0.047958467338699906
2026-03-18,113974.02448261972,-0.013065238678830804,-0.060397117195079675
2026-03-19,113830.5019588548,-0.001259256435108158,-0.061580318171697956
2026-03-20,112693.85151968757,-0.00998546452494864,-0.07095087461410798
2026-03-23,113752.22669431819,0.009391596439010108,-0.062225620156468486
2026-03-24,113844.82527761652,0.0008140375444882775,-0.06146223660301653
2026-03-25,114742.05404437766,0.007881155463792089,-0.05406547458104527
2026-03-26,113856.01715984466,-0.00772198904675625,-0.061369970625278936
2026-03-27,112003.75872640467,-0.016268428139722846,-0.07664000580794761
2026-03-30,111762.9225428784,-0.002150250904655593,-0.07862546147078175
2026-03-31,114622.29738268725,0.02558428837355997,-0.055052749576994464
2026-04-01,115053.45198733939,0.003761524716370479,-0.051498307138862054
2026-04-02,114982.95406897872,-0.0006127405752972548,-0.052079492611816325
2026-04-06,115300.11477392567,0.0027583280279672717,-0.04946481690800242
2026-04-07,115157.90711319714,-0.0012333696372059944,-0.050637178141924144
2026-04-08,118111.3072331456,0.02564652479351981,-0.02628932099309511
2026-04-09,118747.5135194413,0.00538649771304156,-0.0210444306474602
2026-04-10,117999.91017411892,-0.0062957389436199,-0.02720767934950663
2026-04-13,119478.55724421288,0.012530916912666168,-0.01501769960615551
2026-04-14,120011.88085669644,0.004463760065276379,-0.010620974948653328
2026-04-15,120838.4928349044,0.006887751215190141,-0.0038063783665722717
2026-04-16,120901.66955201095,0.0005228194727060487,-0.0032855489425968054
2026-04-17,122188.22435136592,0.010641331952835564,0.0
2026-04-20,122076.91017124827,-0.0009110057921585257,-0.0009110057921585257
2026-04-21,121128.09209984189,-0.007772297562867458,-0.008676222746927698
2026-04-22,121460.4660820101,0.0027439875953321202,-0.005956042599187583
2026-04-23,120404.8224300597,-0.008691253096605234,-0.014595530222109132
2026-04-24,120417.11936002583,0.00010212987916879968,-0.01449489098267831
2026-04-27,120381.19703128235,-0.0002983157954150606,-0.01478888272316048
2026-04-28,120342.72855515507,-0.00031955552092810535,-0.015103712374965994
2026-04-29,120171.13375930366,-0.0014258842051496634,-0.016508060435201144
2026-04-30,122062.5810197319,0.015739614009273595,-0.0010282769252192292
2026-05-01,121801.2213575649,-0.0021411939677463687,-0.0031672691526162255
2026-05-04,120704.81588459694,-0.009001596706073145,-0.01214035537911795
2026-05-05,121323.23109738331,0.005123368179258181,-0.00707918671029395
2026-05-06,122496.49572545192,0.009670568591491513,0.0
2026-05-07,122253.34543545243,-0.0019849571088503826,-0.0019849571088503826
2026-05-08,121792.26251226357,-0.003771536243417639,-0.005749007014590357
2026-05-11,121797.05307723838,3.933390246624313e-05,-0.005709899243005134
2026-05-12,122122.74835540526,0.0026740817609136602,-0.0030510862195138877
2026-05-13,121850.5956627245,-0.0022285175886209707,-0.005272804408830267
2026-05-14,122712.4569167843,0.007073098406883194,0.0
2026-05-15,121798.2416989182,-0.007450060416328119,-0.007450060416328119
2026-05-18,122676.23514406898,0.0072085888343211835,-0.00029517600433903723
2026-05-19,122363.44649659237,-0.0025497085650637574,-0.002844131956616369
2026-05-20,123493.37609790788,0.009234208692765034,0.0
2026-05-21,123498.40372931701,4.0711749633715044e-05,0.0
2026-05-22,124284.54197836752,0.006365574171902422,0.0
2026-05-26,123904.7806551134,-0.003055579698078792,-0.003055579698078792
2026-05-27,124043.71065115777,0.0011212642103866077,-0.0019377415998496073
2026-05-28,124821.0447029959,0.006266613984357461,0.0
2026-05-29,125503.44986784042,0.005467068205271541,0.0
