seed,sharpe,sortino,total_return,max_drawdown
42,0.5577311774812286,0.8070290615950184,0.13081307524313268,-0.24089363362765448
43,1.0565552934547797,1.5592036948618575,0.28195833981549767,-0.22045789773438562
44,1.7695770115408203,2.8410954238356885,0.5596430114185131,-0.18505320084991406
45,0.36582468845735117,0.5308036766907561,0.06771407693862419,-0.1602720604765957
46,1.058425992467438,1.6220857797328094,0.26886423952321703,-0.12750918919509036
47,0.6243674680519236,0.9399326384266544,0.150834162487943,-0.1879578326340251
48,0.5527465215212084,0.8519818194390314,0.12523029434924937,-0.21400489663061217
49,1.223240274046805,1.9029792227238886,0.3364172093324198,-0.19093907214179806
50,0.6071094692963909,0.8912251545832918,0.13652108539641405,-0.20028935821238636
51,1.1874399496889734,1.7899636819940064,0.3218449652555244,-0.16026238298159323
52,-0.06809927001708346,-0.09356298946983418,-0.03802966073546399,-0.21821905621661997
53,0.2645548632263136,0.3833753416617467,0.0440302460581905,-0.20758567638688252
54,0.07342893853075555,0.10184293587153025,-0.005220826818060131,-0.2157994500825421
55,0.8064177894816681,1.2013197021263005,0.1923734837832789,-0.21873059526528327
56,1.4447766406041727,2.343140749872864,0.39985409794889626,-0.1695520556416099
57,0.8335653722150139,1.212457568130225,0.1971358723517489,-0.1849237209593162
58,0.4874109242496215,0.7267609564776721,0.10346892624125692,-0.1855968506035699
59,0.6887239999283845,0.9856947990115009,0.1464312514801227,-0.17081068360365537
60,0.6507556090034005,0.9616984136199613,0.14665086549324013,-0.19473828535122684
61,0.9916915082276291,1.4758077318458203,0.25140467532905664,-0.14977072203420805
62,1.1110192867403297,1.6741321833025213,0.2965556835156533,-0.18584001466737465
63,0.3351209176945624,0.4652932746468975,0.06161051011530794,-0.19799415701835965
64,0.7682288339229257,1.108975098112223,0.17516432218570666,-0.1634729201262045
65,0.3920242751078142,0.5561054568346138,0.07904336201417905,-0.21754509471659256
66,0.06757160734035335,0.09217005002215253,-0.005461616559570781,-0.19716499746527227
67,0.8169721054086576,1.1976590379185617,0.18501651094485272,-0.1652905513398366
68,0.5585913879432203,0.8789997911087981,0.13060059183600847,-0.17742231401499176
69,0.6696552659089318,1.0134439141472704,0.15539337853294533,-0.19037066023007065
70,0.7006556697318752,1.0275372834429033,0.163415506209738,-0.18548721080617403
71,1.3542218706003544,2.0241652805822326,0.37813062164772426,-0.18675701079426832
72,0.2023302832014234,0.3074916193269318,0.029250100626111886,-0.18207220212945874
73,0.24882538617383337,0.3480560320872384,0.039587231390983746,-0.19917873507598183
74,0.5625207114923778,0.8500356528572287,0.12932059096467086,-0.2063478116716606
75,1.1314822319352913,1.7321508452805205,0.3110202190147282,-0.20781435459723385
76,0.5176367079875385,0.7771650934056938,0.12282349730547337,-0.19840750679008734
77,0.18148176004137728,0.26104731197653414,0.02337497169978242,-0.20301598120315312
78,0.046529492053037406,0.06643693899113957,-0.008815408642889211,-0.21283590521803752
79,0.8006635797842665,1.177251163212532,0.19671114075603002,-0.18429249572781858
80,1.1467981976727635,1.7247096201931802,0.303521889216646,-0.18466204511065842
81,0.3973688980085444,0.570145932030393,0.07697155348908913,-0.18962720530802368
82,0.31555312725531537,0.4392418569218806,0.05736563881012757,-0.1996531575119992
83,0.6166258524996654,0.8466021289035874,0.1408828044469035,-0.19147782474850206
84,0.1789936002748042,0.2512673072701109,0.02258564158390164,-0.20863384816756447
85,0.7637949173445562,1.1677647290060722,0.17221606390011068,-0.1525744562718152
86,0.88526124081665,1.2993745341423972,0.2259428848209153,-0.20306936092571537
87,0.3983877707225574,0.6034716219937675,0.08341031911284325,-0.18368283946260988
88,-0.01492837042200122,-0.02168600272783223,-0.02495773971691506,-0.1997224491951104
89,1.0858500299508547,1.6841964737509516,0.2821004897689434,-0.20697586910534171
90,0.39601290598011163,0.5892740526818554,0.08065163868857583,-0.14050317649212807
91,0.42218879443119933,0.6168368482568126,0.08169607325382211,-0.19093700464437724
92,1.1004028368622742,1.700431735198947,0.2895072015628537,-0.17352447169958596
93,0.6599533915340337,0.9645397581275311,0.14987849555799704,-0.1758992522187256
94,0.3995650384607238,0.5759654722683174,0.08470276661291543,-0.18553436249433564
95,0.010051819642187699,0.014431130632803619,-0.017546305740476775,-0.19136972076909686
96,1.2232653159033726,1.8951514314931617,0.3228597714479182,-0.13339799758247628
97,0.9084709435666336,1.3132838577562422,0.2216565593722044,-0.18039031093395885
98,1.1624631525464955,1.8143369515173506,0.30030786850281865,-0.21831703327878604
99,0.7639330614648108,1.138483093196777,0.1823872732059193,-0.1788790898028979
100,0.7959907207562508,1.1783510713363714,0.1815792078862286,-0.15963304221086505
101,1.0966515039750009,1.6724717182164512,0.288114198160226,-0.18742452911657947
102,0.7779912845961027,1.1421938775283824,0.18844974726480923,-0.19959947437408931
103,0.050604577330702206,0.0703911993041805,-0.008892564458844232,-0.21701639031114328
104,0.966304028982335,1.376207761817413,0.223624125325659,-0.14718873351413553
105,0.6153848181861951,0.9042323373171314,0.1417221817534584,-0.2001270986470317
106,0.9856235674261359,1.502135666060079,0.25956198038456835,-0.1951520992055047
107,0.9770423794253512,1.4219764087666693,0.24828109829516043,-0.1855561296677236
108,1.1527130471953109,1.7663990478136382,0.31094072516474935,-0.16333012352622678
109,0.5270612836321951,0.7774698565845789,0.11715895005099508,-0.171103134857287
110,0.8799297079582102,1.265447133001833,0.22259710394253251,-0.20252450775024533
111,0.5563491461354637,0.7947370592995225,0.12441973411242269,-0.18293402272610892
112,0.32054522206882974,0.47603039550257836,0.05858197905638818,-0.19593869212241255
113,0.6369364121138594,0.9530152785749956,0.1488783533185074,-0.1791930821269604
114,0.4858525513600551,0.7053570988852069,0.09821850299513413,-0.16378920402861918
115,0.8171384469831617,1.2056772035224337,0.18685159302743481,-0.19342396716248855
116,1.069266269280182,1.6974392749271725,0.2945414623740006,-0.199225680597511
117,0.9300860943457961,1.2775920576288087,0.22256070918416504,-0.21239547616528565
118,0.7097619534168469,1.0580333464124032,0.16759893844182638,-0.14514331667480973
119,-0.2737828388682908,-0.39343295977344633,-0.09168995382455558,-0.25718127726796736
120,1.0790192221692014,1.643363190129575,0.27998258910659657,-0.16419775823305627
121,0.46488574599302934,0.7155114812827188,0.09660791282000991,-0.19293443194665172
122,0.3657249643917064,0.5477533270173754,0.0709636341872073,-0.23138757598616777
123,0.4677580395458591,0.6697509908431004,0.0948178687133836,-0.17046521191387176
124,1.2653352600934786,1.906686537824409,0.3378076553763223,-0.1748896928798731
125,0.6345623478372017,0.9638415004954898,0.1609282252230566,-0.17752939592493422
126,0.614395623417084,0.9483027470897027,0.14531504690781483,-0.1900454657590387
127,0.4265203627078421,0.6147697047775856,0.08882860878902132,-0.21013375769092046
128,1.1653377927268915,1.806188530897564,0.3245660605459504,-0.19576395687859582
129,0.9800674681030876,1.535386773814518,0.23609552412860357,-0.18158912957649698
130,0.19218743727070403,0.2770108135900406,0.025697311168134673,-0.20567399785218532
131,1.0168095242383786,1.5475840595014185,0.2576192769549943,-0.1789328460651486
132,0.6815311617945186,1.0537229324451332,0.1691040187091324,-0.20766203814676443
133,0.9934581107513433,1.461733725004509,0.24775484610785714,-0.1827456430739096
134,1.19587479815377,1.8796008603607208,0.31722559750215384,-0.1871078298702037
135,-0.03437769569754977,-0.0485159142932818,-0.0318949803695906,-0.2063201740333278
136,0.4681208331600959,0.6629565509941405,0.10351405831923999,-0.2704552783007962
137,0.3081757712112373,0.4477930427524224,0.05539251219422381,-0.2332749058890159
138,1.7030023380865191,2.7451554277004444,0.5336581029840315,-0.13284191028252346
139,0.004051831044503433,0.005802980806378233,-0.017646188332661072,-0.16970095112376626
140,0.6412133584300613,0.9911003078234203,0.15738595783593068,-0.19564227431383607
141,0.36375925075103893,0.5301712910119113,0.07407617239942255,-0.17108186917212864
